{
    "Software System": [
        13,
        28,
        15,
        0.3170731707317073,
        0.4642857142857143,
        0.3768115942028986
    ],
    "Physical Device": [
        1,
        20,
        6,
        0.047619047619047616,
        0.14285714285714285,
        0.07142857142857142
    ],
    "Environment Object": [
        15,
        35,
        41,
        0.3,
        0.26785714285714285,
        0.2830188679245283
    ],
    "External System": [
        7,
        50,
        15,
        0.12280701754385964,
        0.3181818181818182,
        0.17721518987341772
    ],
    "System Requirements": [
        4,
        90,
        13,
        0.0425531914893617,
        0.23529411764705882,
        0.07207207207207207
    ],
    "Shared Phenomena": [
        62,
        34,
        92,
        0.6458333333333334,
        0.4025974025974026,
        0.49599999999999994
    ],
    "total": [
        102,
        257,
        182,
        0.2841225626740947,
        0.3591549295774648,
        0.31726283048211507
    ]
}