{
    "Software System": [
        12,
        46,
        9,
        0.20689655172413793,
        0.5714285714285714,
        0.3037974683544304
    ],
    "Physical Device": [
        10,
        47,
        30,
        0.17543859649122806,
        0.25,
        0.20618556701030927
    ],
    "Environment Object": [
        15,
        22,
        16,
        0.40540540540540543,
        0.4838709677419355,
        0.4411764705882353
    ],
    "External System": [
        3,
        14,
        18,
        0.17647058823529413,
        0.14285714285714285,
        0.15789473684210528
    ],
    "System Requirements": [
        7,
        160,
        26,
        0.041916167664670656,
        0.21212121212121213,
        0.06999999999999999
    ],
    "Shared Phenomena": [
        18,
        66,
        50,
        0.21428571428571427,
        0.2647058823529412,
        0.2368421052631579
    ],
    "total": [
        65,
        355,
        149,
        0.15476190476190477,
        0.3037383177570093,
        0.20504731861198738
    ]
}