{
    "Software System": [
        11,
        30,
        3,
        0.2682926829268293,
        0.7857142857142857,
        0.39999999999999997
    ],
    "Physical Device": [
        2,
        13,
        3,
        0.13333333333333333,
        0.4,
        0.2
    ],
    "Environment Object": [
        22,
        50,
        26,
        0.3055555555555556,
        0.4583333333333333,
        0.3666666666666667
    ],
    "External System": [
        3,
        19,
        16,
        0.13636363636363635,
        0.15789473684210525,
        0.14634146341463414
    ],
    "System Requirements": [
        9,
        229,
        63,
        0.037815126050420166,
        0.125,
        0.058064516129032254
    ],
    "Shared Phenomena": [
        20,
        135,
        73,
        0.12903225806451613,
        0.21505376344086022,
        0.16129032258064513
    ],
    "total": [
        67,
        476,
        184,
        0.12338858195211787,
        0.26693227091633465,
        0.16876574307304787
    ]
}