{
    "Software System": [
        17,
        29,
        6,
        0.3695652173913043,
        0.7391304347826086,
        0.49275362318840565
    ],
    "Physical Device": [
        39,
        33,
        42,
        0.5416666666666666,
        0.48148148148148145,
        0.5098039215686274
    ],
    "Environment Object": [
        19,
        37,
        23,
        0.3392857142857143,
        0.4523809523809524,
        0.3877551020408163
    ],
    "External System": [
        5,
        11,
        16,
        0.3125,
        0.23809523809523808,
        0.27027027027027023
    ],
    "System Requirements": [
        2,
        122,
        33,
        0.016129032258064516,
        0.05714285714285714,
        0.025157232704402514
    ],
    "Shared Phenomena": [
        13,
        31,
        43,
        0.29545454545454547,
        0.23214285714285715,
        0.26
    ],
    "total": [
        95,
        263,
        163,
        0.26536312849162014,
        0.3682170542635659,
        0.30844155844155846
    ]
}