{
  "Software System": [
    0.2904569056934947,
    0.6401397515527949,
    0.3933406714364337
  ],
  "Physical Device": [
    0.22451441102756892,
    0.3185846560846561,
    0.24685451500187705
  ],
  "Environment Object": [
    0.3375616688116688,
    0.41561059907834097,
    0.36965427680506163
  ],
  "External System": [
    0.18703531053569752,
    0.2142572339940761,
    0.18793041510010683
  ],
  "System Requirements": [
    0.034603379365629267,
    0.15738954672778202,
    0.056323455226376704
  ],
  "Shared Phenomena": [
    0.32115146278452733,
    0.2786249763835153,
    0.28853310696095075
  ],
  "total": [
    0.20690904446993436,
    0.3245106431285937,
    0.2498793626521772
  ]
}