{
    "Software System": [
        10,
        24,
        18,
        0.29411764705882354,
        0.35714285714285715,
        0.3225806451612903
    ],
    "Physical Device": [
        1,
        4,
        6,
        0.2,
        0.14285714285714285,
        0.16666666666666666
    ],
    "Environment Object": [
        16,
        58,
        40,
        0.21621621621621623,
        0.2857142857142857,
        0.24615384615384617
    ],
    "External System": [
        2,
        25,
        20,
        0.07407407407407407,
        0.09090909090909091,
        0.08163265306122448
    ],
    "System Requirements": [
        0,
        38,
        17,
        0.0,
        0.0,
        0
    ],
    "Shared Phenomena": [
        10,
        12,
        144,
        0.45454545454545453,
        0.06493506493506493,
        0.11363636363636363
    ],
    "total": [
        39,
        161,
        245,
        0.195,
        0.13732394366197184,
        0.16115702479338845
    ]
}