{
    "Software System": [
        0.676923076923077,
        0.5077720207253886,
        0.482051282051282
    ],
    "Physical Device": [
        0.06896551724137931,
        0.0,
        0.06896551724137931
    ],
    "Environment Object": [
        0.4334975369458128,
        0.23880597014925373,
        0.29556650246305416
    ],
    "External System": [
        0.31372549019607837,
        0.1324503311258278,
        0.2222222222222222
    ],
    "System Requirements": [
        0.2917647058823529,
        0.1087470449172577,
        0.14588235294117646
    ],
    "Shared Phenomena": [
        0.5166163141993957,
        0.3787878787878788,
        0.4471299093655589
    ]
}