{
    "Software System": [
        0.7508090614886731,
        0.6058631921824106,
        0.5436893203883495
    ],
    "Physical Device": [
        0.4777327935222672,
        0.25306122448979596,
        0.3076923076923077
    ],
    "Environment Object": [
        0.44642857142857145,
        0.23636363636363636,
        0.37499999999999994
    ],
    "External System": [
        0.3875968992248062,
        0.20472440944881887,
        0.2790697674418605
    ],
    "System Requirements": [
        0.32069339111592626,
        0.18023887079261675,
        0.143011917659805
    ],
    "Shared Phenomena": [
        0.375,
        0.15894039735099338,
        0.23684210526315788
    ]
}