{
    "Software System": [
        0.6878980891719745,
        0.4774193548387097,
        0.5605095541401274
    ],
    "Physical Device": [
        0.25806451612903225,
        0.13793103448275862,
        0.25806451612903225
    ],
    "Environment Object": [
        0.43715846994535523,
        0.16574585635359115,
        0.3715846994535519
    ],
    "External System": [
        0.23076923076923075,
        0.07843137254901962,
        0.1923076923076923
    ],
    "System Requirements": [
        0.37128435221536743,
        0.19427288040426724,
        0.1368480089736399
    ],
    "Shared Phenomena": [
        0.4705882352941177,
        0.13237924865831843,
        0.22459893048128343
    ]
}