{
    "Software System": [
        0.6341463414634146,
        0.45679012345679015,
        0.524390243902439
    ],
    "Physical Device": [
        0.5669781931464175,
        0.40125391849529773,
        0.411214953271028
    ],
    "Environment Object": [
        0.47953216374269003,
        0.21301775147928995,
        0.3508771929824561
    ],
    "External System": [
        0.3333333333333333,
        0.21428571428571427,
        0.2807017543859649
    ],
    "System Requirements": [
        0.3818181818181818,
        0.21412300683371302,
        0.1931818181818182
    ],
    "Shared Phenomena": [
        0.463768115942029,
        0.17518248175182485,
        0.24637681159420288
    ]
}