{
    "Software System": [
        0.6867469879518072,
        0.524390243902439,
        0.5060240963855422
    ],
    "Physical Device": [
        0.6545454545454545,
        0.5555555555555556,
        0.6363636363636364
    ],
    "Environment Object": [
        0.23809523809523808,
        0.16129032258064518,
        0.2222222222222222
    ],
    "External System": [
        0.40384615384615385,
        0.23529411764705882,
        0.2884615384615385
    ],
    "System Requirements": [
        0.35148514851485146,
        0.26865671641791045,
        0.21287128712871287
    ],
    "Shared Phenomena": [
        0.5399239543726236,
        0.3448275862068966,
        0.36501901140684406
    ]
}