{
    "Software System": [
        0.4784172661870503,
        0.2527075812274368,
        0.3381294964028777
    ],
    "Physical Device": [
        0.5259259259259259,
        0.275092936802974,
        0.3296296296296296
    ],
    "Environment Object": [
        0.3711001642036124,
        0.19110378912685339,
        0.23645320197044337
    ],
    "External System": [
        0.4829210836277974,
        0.3234946871310508,
        0.3392226148409894
    ],
    "System Requirements": [
        0.7527352297592997,
        0.4652908067542214,
        0.27008440137542983
    ],
    "Shared Phenomena": [
        0.49374999999999997,
        0.24155193992490617,
        0.25875
    ]
}