{
  "Software System": [
    0.6524901371976662,
    0.4708237527221959,
    0.49246566554510296
  ],
  "Physical Device": [
    0.42536873341841286,
    0.2704824449710636,
    0.3353217600545022
  ],
  "Environment Object": [
    0.40096869072687996,
    0.20105455434221164,
    0.3086173031819546
  ],
  "External System": [
    0.35869869849956665,
    0.198113438697915,
    0.26699759827671127
  ],
  "System Requirements": [
    0.41163016821766324,
    0.2385548876866644,
    0.18364663104343038
  ],
  "Shared Phenomena": [
    0.4766077699680276,
    0.23861158878013636,
    0.29645279468517455
  ]
}