{
    "Software System": [
        0,
        0,
        28,
        0,
        0.0,
        0
    ],
    "Physical Device": [
        0,
        1,
        7,
        0.0,
        0.0,
        0
    ],
    "Environment Object": [
        3,
        1,
        53,
        0.75,
        0.05357142857142857,
        0.09999999999999999
    ],
    "External System": [
        0,
        1,
        22,
        0.0,
        0.0,
        0
    ],
    "System Requirements": [
        0,
        1,
        17,
        0.0,
        0.0,
        0
    ],
    "Shared Phenomena": [
        4,
        5,
        150,
        0.4444444444444444,
        0.025974025974025976,
        0.049079754601226995
    ],
    "total": [
        7,
        9,
        277,
        0.4375,
        0.02464788732394366,
        0.04666666666666666
    ]
}