{
    "Software System": [
        1,
        2,
        20,
        0.3333333333333333,
        0.047619047619047616,
        0.08333333333333333
    ],
    "Physical Device": [
        0,
        1,
        40,
        0.0,
        0.0,
        0
    ],
    "Environment Object": [
        7,
        0,
        24,
        1.0,
        0.22580645161290322,
        0.3684210526315789
    ],
    "External System": [
        1,
        6,
        20,
        0.14285714285714285,
        0.047619047619047616,
        0.07142857142857142
    ],
    "System Requirements": [
        1,
        2,
        32,
        0.3333333333333333,
        0.030303030303030304,
        0.05555555555555555
    ],
    "Shared Phenomena": [
        3,
        8,
        65,
        0.2727272727272727,
        0.04411764705882353,
        0.0759493670886076
    ],
    "total": [
        13,
        19,
        201,
        0.40625,
        0.06074766355140187,
        0.10569105691056911
    ]
}