{
    "Software System": [
        1,
        0,
        13,
        1.0,
        0.07142857142857142,
        0.13333333333333333
    ],
    "Physical Device": [
        0,
        0,
        5,
        0,
        0.0,
        0
    ],
    "Environment Object": [
        6,
        2,
        42,
        0.75,
        0.125,
        0.21428571428571427
    ],
    "External System": [
        0,
        2,
        19,
        0.0,
        0.0,
        0
    ],
    "System Requirements": [
        0,
        1,
        72,
        0.0,
        0.0,
        0
    ],
    "Shared Phenomena": [
        0,
        4,
        93,
        0.0,
        0.0,
        0
    ],
    "total": [
        7,
        9,
        244,
        0.4375,
        0.027888446215139442,
        0.052434456928838954
    ]
}