{
    "Software System": [
        2,
        0,
        21,
        1.0,
        0.08695652173913043,
        0.16
    ],
    "Physical Device": [
        2,
        2,
        79,
        0.5,
        0.024691358024691357,
        0.047058823529411764
    ],
    "Environment Object": [
        5,
        0,
        37,
        1.0,
        0.11904761904761904,
        0.21276595744680848
    ],
    "External System": [
        1,
        5,
        20,
        0.16666666666666666,
        0.047619047619047616,
        0.07407407407407407
    ],
    "System Requirements": [
        1,
        4,
        34,
        0.2,
        0.02857142857142857,
        0.049999999999999996
    ],
    "Shared Phenomena": [
        3,
        2,
        53,
        0.6,
        0.05357142857142857,
        0.0983606557377049
    ],
    "total": [
        14,
        13,
        244,
        0.5185185185185185,
        0.05426356589147287,
        0.09824561403508772
    ]
}