{
    "Software System": [
        4,
        0,
        14,
        1.0,
        0.2222222222222222,
        0.3636363636363636
    ],
    "Physical Device": [
        0,
        0,
        17,
        0,
        0.0,
        0
    ],
    "Environment Object": [
        0,
        0,
        31,
        0,
        0.0,
        0
    ],
    "External System": [
        2,
        0,
        17,
        1.0,
        0.10526315789473684,
        0.1904761904761905
    ],
    "System Requirements": [
        0,
        1,
        15,
        0.0,
        0.0,
        0
    ],
    "Shared Phenomena": [
        0,
        7,
        40,
        0.0,
        0.0,
        0
    ],
    "total": [
        6,
        8,
        134,
        0.42857142857142855,
        0.04285714285714286,
        0.07792207792207792
    ]
}