{
    "Software System": [
        1,
        0,
        6,
        1.0,
        0.14285714285714285,
        0.25
    ],
    "Physical Device": [
        0,
        1,
        5,
        0.0,
        0.0,
        0
    ],
    "Environment Object": [
        4,
        0,
        22,
        1.0,
        0.15384615384615385,
        0.2666666666666667
    ],
    "External System": [
        0,
        1,
        4,
        0.0,
        0.0,
        0
    ],
    "System Requirements": [
        0,
        2,
        18,
        0.0,
        0.0,
        0
    ],
    "Shared Phenomena": [
        0,
        2,
        7,
        0.0,
        0.0,
        0
    ],
    "total": [
        5,
        6,
        62,
        0.45454545454545453,
        0.07462686567164178,
        0.1282051282051282
    ]
}