{
    "Software System": [
        2,
        3,
        71,
        0.4,
        0.0273972602739726,
        0.05128205128205128
    ],
    "Physical Device": [
        0,
        2,
        83,
        0.0,
        0.0,
        0
    ],
    "Environment Object": [
        2,
        1,
        150,
        0.6666666666666666,
        0.013157894736842105,
        0.025806451612903226
    ],
    "External System": [
        0,
        1,
        182,
        0.0,
        0.0,
        0
    ],
    "System Requirements": [
        0,
        4,
        361,
        0.0,
        0.0,
        0
    ],
    "Shared Phenomena": [
        5,
        9,
        259,
        0.35714285714285715,
        0.01893939393939394,
        0.03597122302158273
    ],
    "total": [
        9,
        20,
        1106,
        0.3103448275862069,
        0.008071748878923767,
        0.015734265734265736
    ]
}