{
  "Software System": [
    0.6761904761904762,
    0.08549725230572673,
    0.1487978687978688
  ],
  "Physical Device": [
    0.07142857142857142,
    0.003527336860670194,
    0.006722689075630252
  ],
  "Environment Object": [
    0.7380952380952381,
    0.0986327925449924,
    0.16970654894909595
  ],
  "External System": [
    0.1870748299319728,
    0.02864303616183315,
    0.04799697656840514
  ],
  "System Requirements": [
    0.07619047619047618,
    0.008410636982065553,
    0.015079365079365078
  ],
  "Shared Phenomena": [
    0.23918779633065348,
    0.02037178507766743,
    0.03705157149273175
  ],
  "total": [
    0.4276043184602298,
    0.04187190291280946,
    0.07498560948609061
  ]
}