{
    "Software System": [
        11,
        21,
        17,
        0.34375,
        0.39285714285714285,
        0.3666666666666667
    ],
    "Physical Device": [
        0,
        13,
        7,
        0.0,
        0.0,
        0
    ],
    "Environment Object": [
        13,
        20,
        43,
        0.3939393939393939,
        0.23214285714285715,
        0.2921348314606742
    ],
    "External System": [
        6,
        27,
        16,
        0.18181818181818182,
        0.2727272727272727,
        0.21818181818181817
    ],
    "System Requirements": [
        2,
        77,
        15,
        0.02531645569620253,
        0.11764705882352941,
        0.04166666666666667
    ],
    "Shared Phenomena": [
        66,
        32,
        88,
        0.673469387755102,
        0.42857142857142855,
        0.5238095238095238
    ],
    "total": [
        98,
        190,
        186,
        0.3402777777777778,
        0.34507042253521125,
        0.34265734265734266
    ]
}