{
    "Software System": [
        0.6914893617021276,
        0.5376344086021505,
        0.4893617021276596
    ],
    "Physical Device": [
        0.1081081081081081,
        0.0,
        0.05405405405405405
    ],
    "Environment Object": [
        0.6714801444043322,
        0.39272727272727276,
        0.4765342960288808
    ],
    "External System": [
        0.5454545454545455,
        0.34594594594594597,
        0.33155080213903737
    ],
    "System Requirements": [
        0.3747680890538033,
        0.2495344506517691,
        0.19294990723562155
    ],
    "Shared Phenomena": [
        0.3390410958904109,
        0.24054982817869414,
        0.2876712328767123
    ]
}