{
    "Software System": [
        0.6044226044226044,
        0.5580246913580248,
        0.5159705159705159
    ],
    "Physical Device": [
        0.6256410256410256,
        0.4587628865979382,
        0.441025641025641
    ],
    "Environment Object": [
        0.5472636815920398,
        0.3015075376884422,
        0.31840796019900497
    ],
    "External System": [
        0.6363636363636364,
        0.4923076923076923,
        0.5909090909090909
    ],
    "System Requirements": [
        0.31268436578171094,
        0.2206896551724138,
        0.1671583087512291
    ],
    "Shared Phenomena": [
        0.45197740112994345,
        0.21590909090909088,
        0.22033898305084743
    ]
}