{
    "Software System": [
        0.6514285714285715,
        0.48554913294797686,
        0.5142857142857143
    ],
    "Physical Device": [
        0.3333333333333333,
        0.07142857142857142,
        0.26666666666666666
    ],
    "Environment Object": [
        0.5033557046979866,
        0.2027027027027027,
        0.348993288590604
    ],
    "External System": [
        0.2571428571428572,
        0.14705882352941174,
        0.2571428571428572
    ],
    "System Requirements": [
        0.45447087776866285,
        0.22350041084634345,
        0.18539786710418377
    ],
    "Shared Phenomena": [
        0.43986254295532645,
        0.1,
        0.2027491408934708
    ]
}