{
    "Software System": [
        0.6391752577319588,
        0.5416666666666666,
        0.5876288659793815
    ],
    "Physical Device": [
        0.7058823529411765,
        0.4909090909090909,
        0.5294117647058824
    ],
    "Environment Object": [
        0.6569343065693432,
        0.39705882352941174,
        0.44525547445255476
    ],
    "External System": [
        0.38260869565217387,
        0.3008849557522124,
        0.3304347826086957
    ],
    "System Requirements": [
        0.40550688360450565,
        0.21329987452948557,
        0.21777221526908633
    ],
    "Shared Phenomena": [
        0.48905109489051096,
        0.19117647058823528,
        0.24087591240875914
    ]
}