{
    "Software System": [
        0.5596707818930041,
        0.4730290456431535,
        0.4197530864197531
    ],
    "Physical Device": [
        0.2222222222222222,
        0.13636363636363635,
        0.17777777777777776
    ],
    "Environment Object": [
        0.5365853658536586,
        0.34567901234567905,
        0.4512195121951219
    ],
    "External System": [
        0.3913043478260869,
        0.20000000000000004,
        0.3043478260869565
    ],
    "System Requirements": [
        0.39999999999999997,
        0.3059490084985836,
        0.30422535211267604
    ],
    "Shared Phenomena": [
        0.4153846153846154,
        0.22480620155038758,
        0.3
    ]
}