{
    "Software System": [
        0.5477941176470588,
        0.3284132841328413,
        0.4301470588235294
    ],
    "Physical Device": [
        0.543859649122807,
        0.3049853372434017,
        0.3391812865497076
    ],
    "Environment Object": [
        0.5177664974619289,
        0.30025445292620867,
        0.34517766497461927
    ],
    "External System": [
        0.46043165467625896,
        0.3076923076923077,
        0.30935251798561153
    ],
    "System Requirements": [
        0.7724271219197939,
        0.508780409215402,
        0.2792720244805927
    ],
    "Shared Phenomena": [
        0.626,
        0.2892892892892893,
        0.29200000000000004
    ]
}