{
  "Software System": [
    0.6156634491375542,
    0.48738620489180223,
    0.4928578239344257
  ],
  "Physical Device": [
    0.4231744485614455,
    0.24374158709043978,
    0.3013528651299549
  ],
  "Environment Object": [
    0.5722309500965482,
    0.3233216336532862,
    0.397598032740131
  ],
  "External System": [
    0.4455509561859265,
    0.2989816208712617,
    0.35395631281204154
  ],
  "System Requirements": [
    0.45330955635474607,
    0.28695896815233296,
    0.22446261249223157
  ],
  "Shared Phenomena": [
    0.4602194583751345,
    0.21028848008594955,
    0.2572725448716316
  ]
}