{
    "Software System": [
        12,
        28,
        16,
        0.3,
        0.42857142857142855,
        0.3529411764705882
    ],
    "Physical Device": [
        0,
        5,
        7,
        0.0,
        0.0,
        0
    ],
    "Environment Object": [
        20,
        69,
        36,
        0.2247191011235955,
        0.35714285714285715,
        0.2758620689655173
    ],
    "External System": [
        3,
        15,
        19,
        0.16666666666666666,
        0.13636363636363635,
        0.15
    ],
    "System Requirements": [
        1,
        59,
        16,
        0.016666666666666666,
        0.058823529411764705,
        0.025974025974025976
    ],
    "Shared Phenomena": [
        15,
        15,
        139,
        0.5,
        0.09740259740259741,
        0.16304347826086957
    ],
    "total": [
        51,
        191,
        233,
        0.21074380165289255,
        0.1795774647887324,
        0.19391634980988592
    ]
}