{
    "Software System": [
        11,
        62,
        10,
        0.1506849315068493,
        0.5238095238095238,
        0.2340425531914893
    ],
    "Physical Device": [
        10,
        49,
        30,
        0.1694915254237288,
        0.25,
        0.20202020202020202
    ],
    "Environment Object": [
        11,
        59,
        20,
        0.15714285714285714,
        0.3548387096774194,
        0.21782178217821782
    ],
    "External System": [
        0,
        10,
        21,
        0.0,
        0.0,
        0
    ],
    "System Requirements": [
        2,
        89,
        31,
        0.02197802197802198,
        0.06060606060606061,
        0.03225806451612903
    ],
    "Shared Phenomena": [
        6,
        20,
        62,
        0.23076923076923078,
        0.08823529411764706,
        0.12765957446808512
    ],
    "total": [
        40,
        289,
        174,
        0.12158054711246201,
        0.18691588785046728,
        0.14732965009208102
    ]
}