{
    "Software System": [
        5,
        52,
        9,
        0.08771929824561403,
        0.35714285714285715,
        0.1408450704225352
    ],
    "Physical Device": [
        2,
        10,
        2,
        0.16666666666666666,
        0.5,
        0.25
    ],
    "Environment Object": [
        17,
        74,
        31,
        0.18681318681318682,
        0.3541666666666667,
        0.24460431654676257
    ],
    "External System": [
        0,
        13,
        19,
        0.0,
        0.0,
        0
    ],
    "System Requirements": [
        4,
        113,
        68,
        0.03418803418803419,
        0.05555555555555555,
        0.04232804232804233
    ],
    "Shared Phenomena": [
        5,
        44,
        88,
        0.10204081632653061,
        0.053763440860215055,
        0.07042253521126761
    ],
    "total": [
        33,
        306,
        217,
        0.09734513274336283,
        0.132,
        0.11205432937181664
    ]
}