{
    "Software System": [
        16,
        36,
        7,
        0.3076923076923077,
        0.6956521739130435,
        0.42666666666666664
    ],
    "Physical Device": [
        33,
        41,
        46,
        0.44594594594594594,
        0.4177215189873418,
        0.4313725490196078
    ],
    "Environment Object": [
        16,
        58,
        26,
        0.21621621621621623,
        0.38095238095238093,
        0.27586206896551724
    ],
    "External System": [
        2,
        7,
        19,
        0.2222222222222222,
        0.09523809523809523,
        0.13333333333333333
    ],
    "System Requirements": [
        0,
        70,
        35,
        0.0,
        0.0,
        0
    ],
    "Shared Phenomena": [
        4,
        14,
        52,
        0.2222222222222222,
        0.07142857142857142,
        0.10810810810810811
    ],
    "total": [
        71,
        226,
        185,
        0.23905723905723905,
        0.27734375,
        0.25678119349005424
    ]
}