{
    "Software System": [
        12,
        31,
        6,
        0.27906976744186046,
        0.6666666666666666,
        0.3934426229508197
    ],
    "Physical Device": [
        8,
        9,
        8,
        0.47058823529411764,
        0.5,
        0.48484848484848486
    ],
    "Environment Object": [
        7,
        25,
        24,
        0.21875,
        0.22580645161290322,
        0.2222222222222222
    ],
    "External System": [
        0,
        15,
        19,
        0.0,
        0.0,
        0
    ],
    "System Requirements": [
        2,
        26,
        13,
        0.07142857142857142,
        0.13333333333333333,
        0.09302325581395349
    ],
    "Shared Phenomena": [
        3,
        14,
        37,
        0.17647058823529413,
        0.075,
        0.10526315789473684
    ],
    "total": [
        32,
        120,
        107,
        0.21052631578947367,
        0.2302158273381295,
        0.21993127147766323
    ]
}