{
    "Software System": [
        15,
        59,
        58,
        0.20270270270270271,
        0.2054794520547945,
        0.20408163265306123
    ],
    "Physical Device": [
        22,
        96,
        61,
        0.1864406779661017,
        0.26506024096385544,
        0.21890547263681592
    ],
    "Environment Object": [
        30,
        112,
        122,
        0.2112676056338028,
        0.19736842105263158,
        0.20408163265306123
    ],
    "External System": [
        23,
        36,
        159,
        0.3898305084745763,
        0.12637362637362637,
        0.19087136929460577
    ],
    "System Requirements": [
        32,
        295,
        329,
        0.09785932721712538,
        0.0886426592797784,
        0.09302325581395349
    ],
    "Shared Phenomena": [
        38,
        157,
        226,
        0.19487179487179487,
        0.14393939393939395,
        0.1655773420479303
    ],
    "total": [
        160,
        755,
        955,
        0.17486338797814208,
        0.14349775784753363,
        0.15763546798029557
    ]
}