{
  "Software System": [
    0.22131150126488905,
    0.47955368369305235,
    0.2920032870591934
  ],
  "Physical Device": [
    0.2398555085494268,
    0.32213029332519955,
    0.2645244514208518
  ],
  "Environment Object": [
    0.20248482782160973,
    0.3117125811841432,
    0.2400756819218831
  ],
  "External System": [
    0.1297865662272442,
    0.05966255966255966,
    0.07903411710465652
  ],
  "System Requirements": [
    0.04035343691306994,
    0.06616018969774876,
    0.04776777407435071
  ],
  "Shared Phenomena": [
    0.2377291087375121,
    0.08829488295807082,
    0.12334569933183293
  ],
  "total": [
    0.17568607072226203,
    0.1915917813041438,
    0.1812747103702994
  ]
}