{
    "Software System": [
        9,
        18,
        19,
        0.3333333333333333,
        0.32142857142857145,
        0.32727272727272727
    ],
    "Physical Device": [
        0,
        8,
        7,
        0.0,
        0.0,
        0
    ],
    "Environment Object": [
        11,
        21,
        45,
        0.34375,
        0.19642857142857142,
        0.25
    ],
    "External System": [
        1,
        25,
        21,
        0.038461538461538464,
        0.045454545454545456,
        0.04166666666666667
    ],
    "System Requirements": [
        1,
        39,
        16,
        0.025,
        0.058823529411764705,
        0.03508771929824561
    ],
    "Shared Phenomena": [
        44,
        19,
        110,
        0.6984126984126984,
        0.2857142857142857,
        0.40552995391705066
    ],
    "total": [
        66,
        130,
        218,
        0.336734693877551,
        0.2323943661971831,
        0.275
    ]
}