{
    "Software System": [
        7,
        37,
        14,
        0.1590909090909091,
        0.3333333333333333,
        0.21538461538461537
    ],
    "Physical Device": [
        7,
        37,
        33,
        0.1590909090909091,
        0.175,
        0.16666666666666666
    ],
    "Environment Object": [
        9,
        12,
        22,
        0.42857142857142855,
        0.2903225806451613,
        0.34615384615384615
    ],
    "External System": [
        1,
        14,
        20,
        0.06666666666666667,
        0.047619047619047616,
        0.05555555555555555
    ],
    "System Requirements": [
        5,
        100,
        28,
        0.047619047619047616,
        0.15151515151515152,
        0.07246376811594203
    ],
    "Shared Phenomena": [
        7,
        30,
        61,
        0.1891891891891892,
        0.10294117647058823,
        0.1333333333333333
    ],
    "total": [
        36,
        230,
        178,
        0.13533834586466165,
        0.16822429906542055,
        0.14999999999999997
    ]
}