{
    "Software System": [
        7,
        25,
        7,
        0.21875,
        0.5,
        0.30434782608695654
    ],
    "Physical Device": [
        1,
        12,
        4,
        0.07692307692307693,
        0.2,
        0.1111111111111111
    ],
    "Environment Object": [
        17,
        32,
        31,
        0.3469387755102041,
        0.3541666666666667,
        0.3505154639175258
    ],
    "External System": [
        1,
        20,
        18,
        0.047619047619047616,
        0.05263157894736842,
        0.05
    ],
    "System Requirements": [
        6,
        136,
        66,
        0.04225352112676056,
        0.08333333333333333,
        0.05607476635514019
    ],
    "Shared Phenomena": [
        9,
        104,
        84,
        0.07964601769911504,
        0.0967741935483871,
        0.08737864077669903
    ],
    "total": [
        41,
        329,
        210,
        0.11081081081081082,
        0.16334661354581673,
        0.1320450885668277
    ]
}