{
    "Software System": [
        12,
        23,
        11,
        0.34285714285714286,
        0.5217391304347826,
        0.4137931034482759
    ],
    "Physical Device": [
        25,
        27,
        56,
        0.4807692307692308,
        0.30864197530864196,
        0.37593984962406013
    ],
    "Environment Object": [
        11,
        22,
        31,
        0.3333333333333333,
        0.2619047619047619,
        0.29333333333333333
    ],
    "External System": [
        2,
        12,
        19,
        0.14285714285714285,
        0.09523809523809523,
        0.11428571428571427
    ],
    "System Requirements": [
        0,
        72,
        35,
        0.0,
        0.0,
        0
    ],
    "Shared Phenomena": [
        9,
        41,
        47,
        0.18,
        0.16071428571428573,
        0.16981132075471697
    ],
    "total": [
        59,
        197,
        199,
        0.23046875,
        0.22868217054263565,
        0.22957198443579768
    ]
}