{
    "Software System": [
        9,
        21,
        9,
        0.3,
        0.5,
        0.37499999999999994
    ],
    "Physical Device": [
        8,
        6,
        9,
        0.5714285714285714,
        0.47058823529411764,
        0.5161290322580646
    ],
    "Environment Object": [
        3,
        14,
        28,
        0.17647058823529413,
        0.0967741935483871,
        0.125
    ],
    "External System": [
        4,
        12,
        15,
        0.25,
        0.21052631578947367,
        0.22857142857142856
    ],
    "System Requirements": [
        2,
        59,
        13,
        0.03278688524590164,
        0.13333333333333333,
        0.05263157894736842
    ],
    "Shared Phenomena": [
        7,
        25,
        33,
        0.21875,
        0.175,
        0.19444444444444442
    ],
    "total": [
        33,
        137,
        107,
        0.19411764705882353,
        0.2357142857142857,
        0.2129032258064516
    ]
}