{
    "Software System": [
        11,
        64,
        62,
        0.14666666666666667,
        0.1506849315068493,
        0.14864864864864863
    ],
    "Physical Device": [
        31,
        89,
        52,
        0.25833333333333336,
        0.37349397590361444,
        0.3054187192118227
    ],
    "Environment Object": [
        26,
        56,
        126,
        0.3170731707317073,
        0.17105263157894737,
        0.2222222222222222
    ],
    "External System": [
        33,
        43,
        149,
        0.4342105263157895,
        0.1813186813186813,
        0.2558139534883721
    ],
    "System Requirements": [
        50,
        377,
        311,
        0.117096018735363,
        0.13850415512465375,
        0.1269035532994924
    ],
    "Shared Phenomena": [
        48,
        188,
        216,
        0.2033898305084746,
        0.18181818181818182,
        0.192
    ],
    "total": [
        199,
        817,
        916,
        0.19586614173228348,
        0.17847533632286997,
        0.1867667761614266
    ]
}