{
  "Software System": [
    0.250116341991342,
    0.3878643277839228,
    0.29740782014020395
  ],
  "Physical Device": [
    0.25775752025752025,
    0.2546206977510624,
    0.24587756314528753
  ],
  "Environment Object": [
    0.3243562160636612,
    0.22844156762874926,
    0.2645374776044879
  ],
  "External System": [
    0.16330248698669753,
    0.10546471072786862,
    0.12431555309462285
  ],
  "System Requirements": [
    0.044125912121178806,
    0.09425158378637277,
    0.057193564336031434
  ],
  "Shared Phenomena": [
    0.26156462263491287,
    0.16716035387762143,
    0.19708294887104072
  ],
  "total": [
    0.20055606489068845,
    0.20113951189803528,
    0.19771451249508395
  ]
}