{
    "Software System": [
        0.6332046332046332,
        0.45914396887159536,
        0.3861003861003861
    ],
    "Physical Device": [
        0.13793103448275862,
        0.0,
        0.06896551724137931
    ],
    "Environment Object": [
        0.55,
        0.289308176100629,
        0.24375000000000002
    ],
    "External System": [
        0.3776223776223776,
        0.14184397163120568,
        0.19580419580419584
    ],
    "System Requirements": [
        0.29738562091503273,
        0.13114754098360656,
        0.16013071895424838
    ],
    "Shared Phenomena": [
        0.3288135593220339,
        0.1836734693877551,
        0.22372881355932203
    ]
}