{
    "Software System": [
        0.4295774647887324,
        0.3992932862190813,
        0.37323943661971826
    ],
    "Physical Device": [
        0.5754985754985754,
        0.3495702005730659,
        0.3475783475783476
    ],
    "Environment Object": [
        0.4976525821596244,
        0.1990521327014218,
        0.2629107981220657
    ],
    "External System": [
        0.2772277227722772,
        0.20202020202020202,
        0.2376237623762376
    ],
    "System Requirements": [
        0.2878504672897196,
        0.17602996254681647,
        0.15327102803738318
    ],
    "Shared Phenomena": [
        0.4985835694050991,
        0.22792022792022792,
        0.2152974504249292
    ]
}