{
    "Software System": [
        0.35570469798657717,
        0.19594594594594594,
        0.2550335570469799
    ],
    "Physical Device": [
        0.2962962962962963,
        0.16,
        0.22222222222222218
    ],
    "Environment Object": [
        0.3532934131736527,
        0.12048192771084337,
        0.24550898203592816
    ],
    "External System": [
        0.11428571428571427,
        0.0,
        0.11428571428571427
    ],
    "System Requirements": [
        0.41846612062546534,
        0.18195376584638331,
        0.16679076693968728
    ],
    "Shared Phenomena": [
        0.2918918918918919,
        0.07608695652173914,
        0.15675675675675677
    ]
}