{
    "Software System": [
        0.496124031007752,
        0.40625,
        0.42635658914728686
    ],
    "Physical Device": [
        0.6799007444168735,
        0.42394014962593507,
        0.46650124069478904
    ],
    "Environment Object": [
        0.5886524822695035,
        0.24285714285714288,
        0.3404255319148936
    ],
    "External System": [
        0.2247191011235955,
        0.16091954022988506,
        0.20224719101123595
    ],
    "System Requirements": [
        0.4853168469860897,
        0.25426356589147286,
        0.241112828438949
    ],
    "Shared Phenomena": [
        0.30526315789473685,
        0.11702127659574468,
        0.15789473684210528
    ]
}