{
    "Software System": [
        0.4797297297297297,
        0.4081632653061224,
        0.37162162162162166
    ],
    "Physical Device": [
        0.6095238095238096,
        0.46601941747572817,
        0.5904761904761905
    ],
    "Environment Object": [
        0.4137931034482759,
        0.24418604651162792,
        0.36781609195402304
    ],
    "External System": [
        0.34375,
        0.11111111111111112,
        0.18750000000000003
    ],
    "System Requirements": [
        0.4070796460176991,
        0.27299703264094954,
        0.24188790560471976
    ],
    "Shared Phenomena": [
        0.30701754385964913,
        0.17699115044247787,
        0.2543859649122807
    ]
}