{
    "Software System": [
        0.551829268292683,
        0.30886850152905204,
        0.3780487804878049
    ],
    "Physical Device": [
        0.5360824742268041,
        0.2836041358936484,
        0.3122238586156112
    ],
    "Environment Object": [
        0.43902439024390244,
        0.19305019305019305,
        0.2464698331193838
    ],
    "External System": [
        0.43196004993757803,
        0.2653316645807259,
        0.31210986267166047
    ],
    "System Requirements": [
        0.7473576542788952,
        0.48635743519781727,
        0.2669621547903171
    ],
    "Shared Phenomena": [
        0.524822695035461,
        0.2182052937378954,
        0.2205029013539652
    ]
}