{
  "Software System": [
    0.4910283041683512,
    0.36294416131196616,
    0.3650667285039663
  ],
  "Physical Device": [
    0.47253882240751954,
    0.28052231726139626,
    0.3346612294714233
  ],
  "Environment Object": [
    0.47373599521582643,
    0.21482260315530968,
    0.284480206191049
  ],
  "External System": [
    0.29492749429025705,
    0.14687108159552162,
    0.20826178769150738
  ],
  "System Requirements": [
    0.44057605935215033,
    0.2504582171845077,
    0.20502590046088412
  ],
  "Shared Phenomena": [
    0.37606540290147866,
    0.16664972910097337,
    0.20476110397489322
  ]
}