{
    "Software System": [
        0.6633663366336633,
        0.5099999999999999,
        0.44554455445544555
    ],
    "Physical Device": [
        0.12121212121212122,
        0.0,
        0.12121212121212122
    ],
    "Environment Object": [
        0.6363636363636365,
        0.3943661971830985,
        0.4125874125874126
    ],
    "External System": [
        0.4634146341463415,
        0.30864197530864196,
        0.2926829268292683
    ],
    "System Requirements": [
        0.31803278688524594,
        0.19736842105263158,
        0.18032786885245902
    ],
    "Shared Phenomena": [
        0.36190476190476184,
        0.2229299363057325,
        0.2698412698412698
    ]
}