{
    "Software System": [
        0.606356968215159,
        0.5700245700245701,
        0.5183374083129585
    ],
    "Physical Device": [
        0.6049382716049383,
        0.37888198757763986,
        0.4135802469135802
    ],
    "Environment Object": [
        0.49197860962566836,
        0.18378378378378382,
        0.2887700534759358
    ],
    "External System": [
        0.5166666666666666,
        0.37288135593220345,
        0.4
    ],
    "System Requirements": [
        0.3268641470888662,
        0.2251791197543501,
        0.17160367722165473
    ],
    "Shared Phenomena": [
        0.5203252032520325,
        0.2561307901907357,
        0.26558265582655827
    ]
}