{
    "Software System": [
        0.6620689655172414,
        0.4755244755244755,
        0.5517241379310345
    ],
    "Physical Device": [
        0.30303030303030304,
        0.12903225806451613,
        0.24242424242424243
    ],
    "Environment Object": [
        0.48163265306122444,
        0.18930041152263374,
        0.3510204081632653
    ],
    "External System": [
        0.18666666666666665,
        0.05479452054794521,
        0.16
    ],
    "System Requirements": [
        0.449885233358837,
        0.21609195402298853,
        0.17750573833205815
    ],
    "Shared Phenomena": [
        0.4117647058823529,
        0.10236220472440945,
        0.2
    ]
}