{
    "Software System": [
        0.641860465116279,
        0.5539906103286386,
        0.4837209302325582
    ],
    "Physical Device": [
        0.36734693877551017,
        0.20833333333333334,
        0.24489795918367344
    ],
    "Environment Object": [
        0.43870967741935485,
        0.22222222222222224,
        0.28387096774193543
    ],
    "External System": [
        0.3366336633663366,
        0.1616161616161616,
        0.27722772277227725
    ],
    "System Requirements": [
        0.38274932614555257,
        0.2981029810298103,
        0.31266846361185985
    ],
    "Shared Phenomena": [
        0.3529411764705882,
        0.21004566210045664,
        0.26244343891402716
    ]
}