{
    "Software System": [
        0.5077720207253887,
        0.266897746967071,
        0.3765112262521588
    ],
    "Physical Device": [
        0.5331412103746397,
        0.2976878612716763,
        0.3487031700288184
    ],
    "Environment Object": [
        0.44541484716157204,
        0.22481751824817514,
        0.29112081513828236
    ],
    "External System": [
        0.47607934655775963,
        0.3181286549707602,
        0.3220536756126021
    ],
    "System Requirements": [
        0.7858097075849784,
        0.5214550853749071,
        0.2716342585720647
    ],
    "Shared Phenomena": [
        0.5547013601419277,
        0.24156305506216696,
        0.26493199290360736
    ]
}