{
  "Software System": [
    0.6162849512415463,
    0.475287480568951,
    0.47516765143683115
  ],
  "Physical Device": [
    0.3859337689995025,
    0.20278708804943313,
    0.27416354795248715
  ],
  "Environment Object": [
    0.4988198847262912,
    0.24289802659198267,
    0.32547393142136627
  ],
  "External System": [
    0.39589219548075416,
    0.2432125336751425,
    0.2903928650428296
  ],
  "System Requirements": [
    0.452668240212696,
    0.2916395122469375,
    0.22274800131801928
  ],
  "Shared Phenomena": [
    0.44032744153033254,
    0.20660632967670023,
    0.2525598714970925
  ]
}