{
    "Software System": [
        0.6551724137931034,
        0.5348837209302325,
        0.5977011494252874
    ],
    "Physical Device": [
        0.15384615384615383,
        0.0,
        0.07692307692307691
    ],
    "Environment Object": [
        0.6296296296296297,
        0.33582089552238803,
        0.3703703703703704
    ],
    "External System": [
        0.5423728813559322,
        0.33333333333333326,
        0.35593220338983056
    ],
    "System Requirements": [
        0.37093690248565964,
        0.2380038387715931,
        0.1835564053537285
    ],
    "Shared Phenomena": [
        0.5183016105417277,
        0.37004405286343606,
        0.43045387994143486
    ]
}