{
    "Software System": [
        0.625,
        0.4430379746835443,
        0.4375
    ],
    "Physical Device": [
        0.06666666666666667,
        0.0,
        0.06666666666666667
    ],
    "Environment Object": [
        0.30057803468208094,
        0.152046783625731,
        0.20809248554913296
    ],
    "External System": [
        0.2781456953642384,
        0.12080536912751677,
        0.17218543046357615
    ],
    "System Requirements": [
        0.3069053708439898,
        0.08226221079691516,
        0.1636828644501279
    ],
    "Shared Phenomena": [
        0.39403973509933776,
        0.25249169435215946,
        0.2880794701986755
    ]
}