{
    "Software System": [
        0.7392996108949416,
        0.5803921568627451,
        0.5603112840466926
    ],
    "Physical Device": [
        0.16470588235294117,
        0.07142857142857142,
        0.15294117647058825
    ],
    "Environment Object": [
        0.2947368421052632,
        0.17204301075268816,
        0.25263157894736843
    ],
    "External System": [
        0.24299065420560748,
        0.09523809523809522,
        0.16822429906542055
    ],
    "System Requirements": [
        0.3905325443786982,
        0.1188118811881188,
        0.14990138067061146
    ],
    "Shared Phenomena": [
        0.23826714801444046,
        0.05090909090909091,
        0.1444043321299639
    ]
}