{
    "Software System": [
        0.41860465116279066,
        0.12598425196850394,
        0.2945736434108527
    ],
    "Physical Device": [
        0.3125,
        0.2,
        0.3125
    ],
    "Environment Object": [
        0.40223463687150834,
        0.21468926553672316,
        0.35754189944134074
    ],
    "External System": [
        0.20952380952380953,
        0.07766990291262135,
        0.19047619047619047
    ],
    "System Requirements": [
        0.36331775700934577,
        0.15789473684210528,
        0.1413551401869159
    ],
    "Shared Phenomena": [
        0.44621513944223107,
        0.108,
        0.22709163346613545
    ]
}