{
    "Software System": [
        0.6507936507936507,
        0.38709677419354843,
        0.4920634920634921
    ],
    "Physical Device": [
        0.37547892720306514,
        0.2239382239382239,
        0.3218390804597701
    ],
    "Environment Object": [
        0.3846153846153846,
        0.18181818181818182,
        0.28205128205128205
    ],
    "External System": [
        0.19148936170212763,
        0.06521739130434782,
        0.14893617021276595
    ],
    "System Requirements": [
        0.48943661971830976,
        0.20494699646643108,
        0.19718309859154928
    ],
    "Shared Phenomena": [
        0.30927835051546393,
        0.15625,
        0.21649484536082475
    ]
}