{
    "Software System": [
        0.5222222222222221,
        0.3932584269662921,
        0.4444444444444445
    ],
    "Physical Device": [
        0.5360824742268041,
        0.4631578947368421,
        0.5360824742268041
    ],
    "Environment Object": [
        0.18018018018018017,
        0.12844036697247707,
        0.16216216216216214
    ],
    "External System": [
        0.45161290322580644,
        0.26373626373626374,
        0.34408602150537637
    ],
    "System Requirements": [
        0.34098360655737703,
        0.15841584158415842,
        0.17049180327868851
    ],
    "Shared Phenomena": [
        0.17112299465240643,
        0.09729729729729729,
        0.14973262032085563
    ]
}