{
    "Software System": [
        0.40917782026768645,
        0.18809980806142035,
        0.28298279158699813
    ],
    "Physical Device": [
        0.4444444444444445,
        0.18781725888324874,
        0.25757575757575757
    ],
    "Environment Object": [
        0.2285714285714286,
        0.10707456978967496,
        0.1676190476190476
    ],
    "External System": [
        0.3285528031290743,
        0.1908496732026144,
        0.24771838331160365
    ],
    "System Requirements": [
        0.6411677753141168,
        0.35563770794824406,
        0.21618625277161863
    ],
    "Shared Phenomena": [
        0.19516407599309155,
        0.08304498269896193,
        0.12089810017271159
    ]
}