{
  "Software System": [
    0.5608496592235486,
    0.3529782321226757,
    0.41864594259208004
  ],
  "Physical Device": [
    0.3166463991489869,
    0.19105699149781438,
    0.27460085923326444
  ],
  "Environment Object": [
    0.29848608450430764,
    0.15935202974924603,
    0.23834974262838896
  ],
  "External System": [
    0.2837192045251106,
    0.13558611592024322,
    0.21193774917248887
  ],
  "System Requirements": [
    0.42205727897030626,
    0.1796615624709955,
    0.17313342332491857
  ],
  "Shared Phenomena": [
    0.29234790728616183,
    0.12466551087625159,
    0.19111683360819445
  ]
}