{
    "Software System": [
        1,
        13,
        27,
        0.07142857142857142,
        0.03571428571428571,
        0.047619047619047616
    ],
    "Physical Device": [
        0,
        12,
        7,
        0.0,
        0.0,
        0
    ],
    "Environment Object": [
        3,
        1,
        53,
        0.75,
        0.05357142857142857,
        0.09999999999999999
    ],
    "External System": [
        0,
        28,
        22,
        0.0,
        0.0,
        0
    ],
    "System Requirements": [
        0,
        2,
        17,
        0.0,
        0.0,
        0
    ],
    "Shared Phenomena": [
        13,
        20,
        141,
        0.3939393939393939,
        0.08441558441558442,
        0.13903743315508021
    ],
    "total": [
        17,
        76,
        267,
        0.1827956989247312,
        0.05985915492957746,
        0.09018567639257294
    ]
}