{
    "Software System": [
        9,
        9,
        14,
        0.5,
        0.391304347826087,
        0.4390243902439025
    ],
    "Physical Device": [
        0,
        0,
        81,
        0,
        0.0,
        0
    ],
    "Environment Object": [
        2,
        14,
        40,
        0.125,
        0.047619047619047616,
        0.06896551724137931
    ],
    "External System": [
        0,
        8,
        21,
        0.0,
        0.0,
        0
    ],
    "System Requirements": [
        0,
        6,
        35,
        0.0,
        0.0,
        0
    ],
    "Shared Phenomena": [
        0,
        9,
        56,
        0.0,
        0.0,
        0
    ],
    "total": [
        11,
        46,
        247,
        0.19298245614035087,
        0.04263565891472868,
        0.06984126984126984
    ]
}