{
    "Software System": [
        4,
        7,
        14,
        0.36363636363636365,
        0.2222222222222222,
        0.27586206896551724
    ],
    "Physical Device": [
        0,
        0,
        17,
        0,
        0.0,
        0
    ],
    "Environment Object": [
        0,
        1,
        31,
        0.0,
        0.0,
        0
    ],
    "External System": [
        0,
        0,
        19,
        0,
        0.0,
        0
    ],
    "System Requirements": [
        0,
        4,
        15,
        0.0,
        0.0,
        0
    ],
    "Shared Phenomena": [
        1,
        5,
        39,
        0.16666666666666666,
        0.025,
        0.04347826086956522
    ],
    "total": [
        5,
        17,
        135,
        0.22727272727272727,
        0.03571428571428571,
        0.06172839506172839
    ]
}