{
    "Software System": [
        2,
        0,
        5,
        1.0,
        0.2857142857142857,
        0.4444444444444445
    ],
    "Physical Device": [
        0,
        0,
        5,
        0,
        0.0,
        0
    ],
    "Environment Object": [
        0,
        0,
        26,
        0,
        0.0,
        0
    ],
    "External System": [
        0,
        0,
        4,
        0,
        0.0,
        0
    ],
    "System Requirements": [
        0,
        0,
        18,
        0,
        0.0,
        0
    ],
    "Shared Phenomena": [
        0,
        0,
        7,
        0,
        0.0,
        0
    ],
    "total": [
        2,
        0,
        65,
        1.0,
        0.029850746268656716,
        0.05797101449275362
    ]
}