{
    "Software System": [
        5,
        29,
        68,
        0.14705882352941177,
        0.0684931506849315,
        0.09345794392523364
    ],
    "Physical Device": [
        0,
        8,
        83,
        0.0,
        0.0,
        0
    ],
    "Environment Object": [
        1,
        9,
        151,
        0.1,
        0.006578947368421052,
        0.012345679012345678
    ],
    "External System": [
        0,
        0,
        182,
        0,
        0.0,
        0
    ],
    "System Requirements": [
        5,
        64,
        356,
        0.07246376811594203,
        0.013850415512465374,
        0.023255813953488372
    ],
    "Shared Phenomena": [
        17,
        322,
        247,
        0.05014749262536873,
        0.06439393939393939,
        0.05638474295190713
    ],
    "total": [
        28,
        432,
        1087,
        0.06086956521739131,
        0.025112107623318385,
        0.035555555555555556
    ]
}