{
  "Software System": [
    0.2974462512277638,
    0.143349756023116,
    0.18577255645687793
  ],
  "Physical Device": [
    0.0,
    0.0,
    0.0
  ],
  "Environment Object": [
    0.1392857142857143,
    0.015395631936985319,
    0.025901599464817855
  ],
  "External System": [
    0.0,
    0.0,
    0.0
  ],
  "System Requirements": [
    0.010351966873706004,
    0.0019786307874950534,
    0.0033222591362126247
  ],
  "Shared Phenomena": [
    0.08725050760448991,
    0.024829931972789116,
    0.03412863385379322
  ],
  "total": [
    0.2377029210793144,
    0.027595993350080995,
    0.045040273049125765
  ]
}