{
    "Software System": [
        0.52,
        0.40540540540540543,
        0.41333333333333333
    ],
    "Physical Device": [
        0.2222222222222222,
        0.13114754098360656,
        0.12698412698412698
    ],
    "Environment Object": [
        0.5910931174089069,
        0.3510204081632653,
        0.29959514170040485
    ],
    "External System": [
        0.4923076923076923,
        0.27979274611398963,
        0.3384615384615385
    ],
    "System Requirements": [
        0.29875518672199175,
        0.16088765603328709,
        0.16597510373443983
    ],
    "Shared Phenomena": [
        0.6996098829648895,
        0.5006518904823991,
        0.5305591677503252
    ]
}