{
    "Software System": [
        8,
        11,
        20,
        0.42105263157894735,
        0.2857142857142857,
        0.3404255319148936
    ],
    "Physical Device": [
        2,
        16,
        5,
        0.1111111111111111,
        0.2857142857142857,
        0.16
    ],
    "Environment Object": [
        10,
        29,
        46,
        0.2564102564102564,
        0.17857142857142858,
        0.21052631578947367
    ],
    "External System": [
        6,
        27,
        16,
        0.18181818181818182,
        0.2727272727272727,
        0.21818181818181817
    ],
    "System Requirements": [
        1,
        56,
        16,
        0.017543859649122806,
        0.058823529411764705,
        0.027027027027027025
    ],
    "Shared Phenomena": [
        68,
        30,
        86,
        0.6938775510204082,
        0.44155844155844154,
        0.5396825396825397
    ],
    "total": [
        95,
        169,
        189,
        0.35984848484848486,
        0.3345070422535211,
        0.3467153284671533
    ]
}