{
    "Software System": [
        10,
        7,
        18,
        0.5882352941176471,
        0.35714285714285715,
        0.4444444444444445
    ],
    "Physical Device": [
        1,
        4,
        6,
        0.2,
        0.14285714285714285,
        0.16666666666666666
    ],
    "Environment Object": [
        18,
        44,
        38,
        0.2903225806451613,
        0.32142857142857145,
        0.3050847457627119
    ],
    "External System": [
        2,
        31,
        20,
        0.06060606060606061,
        0.09090909090909091,
        0.07272727272727272
    ],
    "System Requirements": [
        0,
        45,
        17,
        0.0,
        0.0,
        0
    ],
    "Shared Phenomena": [
        31,
        15,
        123,
        0.6739130434782609,
        0.2012987012987013,
        0.31000000000000005
    ],
    "total": [
        62,
        146,
        222,
        0.2980769230769231,
        0.21830985915492956,
        0.25203252032520324
    ]
}