{
    "Software System": [
        11,
        11,
        17,
        0.5,
        0.39285714285714285,
        0.44
    ],
    "Physical Device": [
        0,
        6,
        7,
        0.0,
        0.0,
        0
    ],
    "Environment Object": [
        16,
        41,
        40,
        0.2807017543859649,
        0.2857142857142857,
        0.2831858407079646
    ],
    "External System": [
        7,
        36,
        15,
        0.16279069767441862,
        0.3181818181818182,
        0.2153846153846154
    ],
    "System Requirements": [
        0,
        57,
        17,
        0.0,
        0.0,
        0
    ],
    "Shared Phenomena": [
        42,
        18,
        112,
        0.7,
        0.2727272727272727,
        0.3925233644859813
    ],
    "total": [
        76,
        169,
        208,
        0.31020408163265306,
        0.2676056338028169,
        0.2873345935727788
    ]
}