{
    "Software System": [
        0.4852941176470588,
        0.4029850746268657,
        0.411764705882353
    ],
    "Physical Device": [
        0.5882352941176471,
        0.375,
        0.5294117647058824
    ],
    "Environment Object": [
        0.11392405063291139,
        0.0641025641025641,
        0.10126582278481013
    ],
    "External System": [
        0.3870967741935483,
        0.21311475409836064,
        0.2903225806451613
    ],
    "System Requirements": [
        0.2206896551724138,
        0.08391608391608392,
        0.09655172413793105
    ],
    "Shared Phenomena": [
        0.2785714285714286,
        0.14336917562724014,
        0.16785714285714287
    ]
}