{
    "Software System": [
        0.358974358974359,
        0.12435233160621763,
        0.29743589743589743
    ],
    "Physical Device": [
        0.3715846994535519,
        0.24309392265193372,
        0.31693989071038253
    ],
    "Environment Object": [
        0.4662576687116564,
        0.24844720496894407,
        0.35582822085889576
    ],
    "External System": [
        0.4251968503937008,
        0.27199999999999996,
        0.2992125984251968
    ],
    "System Requirements": [
        0.46204620462046203,
        0.12624584717607973,
        0.2508250825082508
    ],
    "Shared Phenomena": [
        0.29235880398671094,
        0.09364548494983277,
        0.14617940199335547
    ]
}