{
    "Software System": [
        0.4651162790697674,
        0.22047244094488191,
        0.38759689922480617
    ],
    "Physical Device": [
        0.25,
        0.14285714285714285,
        0.25
    ],
    "Environment Object": [
        0.5,
        0.20987654320987653,
        0.34146341463414637
    ],
    "External System": [
        0.3370786516853933,
        0.16091954022988506,
        0.2696629213483146
    ],
    "System Requirements": [
        0.2783300198807157,
        0.11177644710578842,
        0.15506958250497016
    ],
    "Shared Phenomena": [
        0.3553008595988538,
        0.09798270893371758,
        0.21203438395415475
    ]
}