{
    "Software System": [
        0.5588235294117647,
        0.3731343283582089,
        0.5147058823529411
    ],
    "Physical Device": [
        0.14847161572052403,
        0.10572687224669604,
        0.14847161572052403
    ],
    "Environment Object": [
        0.36986301369863017,
        0.2638888888888889,
        0.31506849315068497
    ],
    "External System": [
        0.5454545454545454,
        0.35294117647058826,
        0.3471074380165289
    ],
    "System Requirements": [
        0.30996309963099633,
        0.11895910780669144,
        0.22140221402214022
    ],
    "Shared Phenomena": [
        0.3259911894273128,
        0.09777777777777778,
        0.19383259911894274
    ]
}