{
    "Software System": [
        0.41441441441441434,
        0.2568807339449541,
        0.3603603603603604
    ],
    "Physical Device": [
        0.02985074626865672,
        0.0,
        0.02985074626865672
    ],
    "Environment Object": [
        0.09999999999999999,
        0.0,
        0.08
    ],
    "External System": [
        0.21333333333333335,
        0.08219178082191782,
        0.18666666666666668
    ],
    "System Requirements": [
        0.3,
        0.14285714285714288,
        0.18
    ],
    "Shared Phenomena": [
        0.37246963562753044,
        0.18775510204081633,
        0.2591093117408907
    ]
}