{
    "Software System": [
        0.41102756892230574,
        0.22166246851385388,
        0.3308270676691729
    ],
    "Physical Device": [
        0.27906976744186046,
        0.07357859531772576,
        0.132890365448505
    ],
    "Environment Object": [
        0.1721311475409836,
        0.06584362139917695,
        0.12704918032786885
    ],
    "External System": [
        0.1834319526627219,
        0.10089020771513353,
        0.1301775147928994
    ],
    "System Requirements": [
        0.12759897465109654,
        0.08549444286121402,
        0.0837368271147821
    ],
    "Shared Phenomena": [
        0.33122028526148967,
        0.14285714285714285,
        0.16798732171156897
    ]
}