{
  "Software System": [
    0.4489417114066117,
    0.26658122966583037,
    0.38378180215425517
  ],
  "Physical Device": [
    0.2778686871670401,
    0.1567094221789164,
    0.23459406380899175
  ],
  "Environment Object": [
    0.28702931343069693,
    0.14202647042824176,
    0.220112521959401
  ],
  "External System": [
    0.3485986846205405,
    0.19700957655598086,
    0.25385828664912796
  ],
  "System Requirements": [
    0.2831046589926141,
    0.1115415119538334,
    0.16459757171467906
  ],
  "Shared Phenomena": [
    0.3259853670788877,
    0.1272312320310879,
    0.19116669356267593
  ]
}