{
    "Software System": [
        0.3862068965517241,
        0.18181818181818185,
        0.3310344827586207
    ],
    "Physical Device": [
        0.17777777777777778,
        0.046511627906976744,
        0.17777777777777778
    ],
    "Environment Object": [
        0.10389610389610389,
        0.07894736842105263,
        0.09090909090909091
    ],
    "External System": [
        0.1986754966887417,
        0.08053691275167785,
        0.15894039735099338
    ],
    "System Requirements": [
        0.09022556390977443,
        0.015267175572519085,
        0.07518796992481203
    ],
    "Shared Phenomena": [
        0.34205933682373474,
        0.2031523642732049,
        0.2443280977312391
    ]
}