{
    "Software System": [
        0.3372093023255814,
        0.1411764705882353,
        0.3023255813953489
    ],
    "Physical Device": [
        0.0,
        0.0,
        0
    ],
    "Environment Object": [
        0.0,
        0.0,
        0
    ],
    "External System": [
        0.0,
        0.0,
        0
    ],
    "System Requirements": [
        0.15463917525773194,
        0.07291666666666666,
        0.14432989690721648
    ],
    "Shared Phenomena": [
        0.0,
        0.0,
        0
    ]
}