{
    "Software System": [
        0.06557377049180328,
        0.0,
        0.06557377049180328
    ],
    "Physical Device": [
        0.0,
        0.0,
        0
    ],
    "Environment Object": [
        0.0,
        0.0,
        0
    ],
    "External System": [
        0.0,
        0.0,
        0
    ],
    "System Requirements": [
        0.0,
        0.0,
        0
    ],
    "Shared Phenomena": [
        0.0,
        0.0,
        0.0
    ]
}