{
    "Software System": [
        0.7130434782608696,
        0.5309734513274337,
        0.608695652173913
    ],
    "Physical Device": [
        0.0,
        0.0,
        0
    ],
    "Environment Object": [
        0.30882352941176466,
        0.08955223880597016,
        0.2058823529411765
    ],
    "External System": [
        0.20408163265306123,
        0.14583333333333331,
        0.163265306122449
    ],
    "System Requirements": [
        0.14285714285714285,
        0.02702702702702703,
        0.10714285714285715
    ],
    "Shared Phenomena": [
        0.12345679012345678,
        0.012499999999999999,
        0.07407407407407407
    ]
}