{
    "Software System": [
        0.591304347826087,
        0.3893805309734514,
        0.4869565217391305
    ],
    "Physical Device": [
        0.0,
        0.0,
        0
    ],
    "Environment Object": [
        0.021276595744680847,
        0.0,
        0.021276595744680847
    ],
    "External System": [
        0.0,
        0.0,
        0
    ],
    "System Requirements": [
        0.17582417582417584,
        0.0898876404494382,
        0.08791208791208792
    ],
    "Shared Phenomena": [
        0.0898876404494382,
        0.04545454545454545,
        0.07865168539325842
    ]
}