{
    "Software System": [
        0.3298429319371728,
        0.15789473684210528,
        0.2722513089005236
    ],
    "Physical Device": [
        0.08429118773946362,
        0.0,
        0.053639846743295014
    ],
    "Environment Object": [
        0.06593406593406592,
        0.008830022075055188,
        0.048351648351648346
    ],
    "External System": [
        0.0,
        0.0,
        0
    ],
    "System Requirements": [
        0.1451476793248945,
        0.09175344779059949,
        0.08101265822784812
    ],
    "Shared Phenomena": [
        0.48667850799289514,
        0.14107883817427389,
        0.1989342806394316
    ]
}