{
  "Software System": [
    0.40386345456553974,
    0.23354056192490125,
    0.34447288624322336
  ],
  "Physical Device": [
    0.043678160919540236,
    0.007751937984496124,
    0.03856960408684546
  ],
  "Environment Object": [
    0.08332171583110255,
    0.029554938217012994,
    0.06106994799109943
  ],
  "External System": [
    0.06712618822363382,
    0.03772837434750186,
    0.05370095057890706
  ],
  "System Requirements": [
    0.11811562286228659,
    0.04947532625104175,
    0.08259757835247028
  ],
  "Shared Phenomena": [
    0.17368037923158744,
    0.0670309579836707,
    0.09933135630633387
  ]
}