{
    "Software System": [
        0.30508474576271183,
        0.27586206896551724,
        0.288135593220339
    ],
    "Physical Device": [
        0.0,
        0.0,
        0.0
    ],
    "Environment Object": [
        0.33142857142857146,
        0.19653179190751444,
        0.25142857142857145
    ],
    "External System": [
        0.021052631578947368,
        0.0,
        0.021052631578947368
    ],
    "System Requirements": [
        0.3211267605633803,
        0.141643059490085,
        0.19154929577464788
    ],
    "Shared Phenomena": [
        0.24489795918367346,
        0.1750465549348231,
        0.2189239332096475
    ]
}