{
    "Software System": [
        12,
        27,
        16,
        0.3076923076923077,
        0.42857142857142855,
        0.3582089552238806
    ],
    "Physical Device": [
        0,
        11,
        7,
        0.0,
        0.0,
        0
    ],
    "Environment Object": [
        13,
        63,
        43,
        0.17105263157894737,
        0.23214285714285715,
        0.19696969696969696
    ],
    "External System": [
        4,
        27,
        18,
        0.12903225806451613,
        0.18181818181818182,
        0.1509433962264151
    ],
    "System Requirements": [
        0,
        46,
        17,
        0.0,
        0.0,
        0
    ],
    "Shared Phenomena": [
        33,
        14,
        121,
        0.7021276595744681,
        0.21428571428571427,
        0.3283582089552239
    ],
    "total": [
        62,
        188,
        222,
        0.248,
        0.21830985915492956,
        0.23220973782771534
    ]
}