{
    "Software System": [
        0.5217391304347826,
        0.41509433962264153,
        0.5093167701863355
    ],
    "Physical Device": [
        0.18461538461538463,
        0.09523809523809525,
        0.09230769230769231
    ],
    "Environment Object": [
        0.6159999999999999,
        0.37096774193548393,
        0.32800000000000007
    ],
    "External System": [
        0.5767441860465117,
        0.3474178403755868,
        0.33488372093023255
    ],
    "System Requirements": [
        0.22222222222222224,
        0.0687757909215956,
        0.11796982167352536
    ],
    "Shared Phenomena": [
        0.5611510791366906,
        0.4098124098124098,
        0.4633093525179856
    ]
}