{
    "Software System": [
        0.7142857142857142,
        0.5495495495495495,
        0.4642857142857143
    ],
    "Physical Device": [
        0.20689655172413793,
        0.10714285714285712,
        0.17241379310344826
    ],
    "Environment Object": [
        0.4980842911877394,
        0.2625482625482625,
        0.3448275862068966
    ],
    "External System": [
        0.33333333333333337,
        0.19469026548672566,
        0.22807017543859648
    ],
    "System Requirements": [
        0.20701754385964913,
        0.14411247803163446,
        0.11754385964912281
    ],
    "Shared Phenomena": [
        0.6790945406125166,
        0.5100133511348465,
        0.5166444740346205
    ]
}