{
    "Software System": [
        0.6278481012658228,
        0.5699745547073791,
        0.5164556962025316
    ],
    "Physical Device": [
        0.5205479452054794,
        0.32413793103448274,
        0.3356164383561644
    ],
    "Environment Object": [
        0.6459627329192547,
        0.3773584905660378,
        0.49689440993788814
    ],
    "External System": [
        0.5190839694656489,
        0.34108527131782945,
        0.35114503816793896
    ],
    "System Requirements": [
        0.19800820152314003,
        0.15249266862170088,
        0.10779144698301113
    ],
    "Shared Phenomena": [
        0.563894523326572,
        0.2973523421588595,
        0.31237322515212984
    ]
}