{
    "Software System": [
        0.6170212765957448,
        0.5483870967741935,
        0.5638297872340425
    ],
    "Physical Device": [
        0.3333333333333333,
        0.11764705882352941,
        0.22222222222222224
    ],
    "Environment Object": [
        0.5596707818930042,
        0.27385892116182575,
        0.4197530864197531
    ],
    "External System": [
        0.39560439560439564,
        0.17977528089887637,
        0.30769230769230765
    ],
    "System Requirements": [
        0.2808043875685558,
        0.2012440541529455,
        0.13382084095063987
    ],
    "Shared Phenomena": [
        0.4315937940761636,
        0.11598302687411599,
        0.2059238363892807
    ]
}