{
    "Software System": [
        0.6331658291457287,
        0.5380710659898477,
        0.5527638190954774
    ],
    "Physical Device": [
        0.7218045112781954,
        0.5541561712846348,
        0.5112781954887218
    ],
    "Environment Object": [
        0.6557377049180327,
        0.4380165289256198,
        0.4918032786885246
    ],
    "External System": [
        0.5426356589147286,
        0.3937007874015748,
        0.4186046511627907
    ],
    "System Requirements": [
        0.2843894899536321,
        0.20123839009287925,
        0.18238021638330756
    ],
    "Shared Phenomena": [
        0.47058823529411764,
        0.2148148148148148,
        0.27205882352941174
    ]
}