{
  "Software System": [
    0.6480802303232527,
    0.5514955667552425,
    0.5243337542044415
  ],
  "Physical Device": [
    0.44564558538528654,
    0.27577100457137604,
    0.31038266229263917
  ],
  "Environment Object": [
    0.5898638777295078,
    0.3379455508004365,
    0.4383195903132656
  ],
  "External System": [
    0.44766433932952665,
    0.2773129012762516,
    0.32637804311540847
  ],
  "System Requirements": [
    0.24255490572624427,
    0.17477189772479002,
    0.13538409099152035
  ],
  "Shared Phenomena": [
    0.5362927733273425,
    0.28454088374565917,
    0.32675008977636066
  ]
}