{
    "Software System": [
        0.5474137931034483,
        0.5108225108225107,
        0.4870689655172415
    ],
    "Physical Device": [
        0.5833333333333334,
        0.36363636363636365,
        0.40277777777777785
    ],
    "Environment Object": [
        0.6081081081081082,
        0.273972602739726,
        0.3783783783783784
    ],
    "External System": [
        0.4273504273504274,
        0.31304347826086953,
        0.3589743589743589
    ],
    "System Requirements": [
        0.2789473684210527,
        0.17750439367311072,
        0.14035087719298245
    ],
    "Shared Phenomena": [
        0.5644859813084112,
        0.2851782363977486,
        0.2616822429906542
    ]
}