{
    "Software System": [
        0.7183098591549295,
        0.5571428571428572,
        0.5915492957746479
    ],
    "Physical Device": [
        0.24,
        0.125,
        0.24
    ],
    "Environment Object": [
        0.5472636815920398,
        0.22110552763819097,
        0.3781094527363184
    ],
    "External System": [
        0.24657534246575344,
        0.11267605633802817,
        0.24657534246575344
    ],
    "System Requirements": [
        0.349438202247191,
        0.1889763779527559,
        0.15393258426966294
    ],
    "Shared Phenomena": [
        0.41504178272980496,
        0.11452513966480447,
        0.19777158774373255
    ]
}