{
    "Software System": [
        0.7011494252873564,
        0.5465116279069767,
        0.5747126436781609
    ],
    "Physical Device": [
        0.7403846153846154,
        0.4975845410628019,
        0.5192307692307692
    ],
    "Environment Object": [
        0.5822784810126582,
        0.3319148936170213,
        0.37130801687763715
    ],
    "External System": [
        0.4769230769230769,
        0.28125,
        0.3076923076923077
    ],
    "System Requirements": [
        0.5072992700729926,
        0.19413919413919417,
        0.21532846715328466
    ],
    "Shared Phenomena": [
        0.5131195335276967,
        0.21114369501466276,
        0.239067055393586
    ]
}