{
    "Software System": [
        0.6524064171122994,
        0.5297297297297298,
        0.5775401069518717
    ],
    "Physical Device": [
        0.5048543689320388,
        0.4158415841584158,
        0.5048543689320388
    ],
    "Environment Object": [
        0.265625,
        0.126984126984127,
        0.21875000000000003
    ],
    "External System": [
        0.5874125874125874,
        0.3404255319148936,
        0.4055944055944056
    ],
    "System Requirements": [
        0.3770491803278689,
        0.27472527472527475,
        0.2513661202185792
    ],
    "Shared Phenomena": [
        0.5454545454545454,
        0.32234432234432236,
        0.349090909090909
    ]
}