{
    "Software System": [
        0.5617977528089888,
        0.36070853462157815,
        0.42375601926163725
    ],
    "Physical Device": [
        0.5390070921985816,
        0.2901849217638692,
        0.32056737588652484
    ],
    "Environment Object": [
        0.3563402889245585,
        0.16747181964573266,
        0.24077046548956663
    ],
    "External System": [
        0.3680203045685279,
        0.22900763358778625,
        0.25888324873096447
    ],
    "System Requirements": [
        0.7415359207266722,
        0.4933091029241698,
        0.2995871180842279
    ],
    "Shared Phenomena": [
        0.6300043994720633,
        0.30823425803610743,
        0.2930048394192697
    ]
}