{
  "Software System": [
    0.6362154494934045,
    0.5009830520447306,
    0.5309254062367118
  ],
  "Physical Device": [
    0.5215158819697139,
    0.33844948212429016,
    0.39748605836542217
  ],
  "Environment Object": [
    0.47192311192747294,
    0.22428979412495959,
    0.31746326269638014
  ],
  "External System": [
    0.4212563477440746,
    0.2552805400203155,
    0.315543932691558
  ],
  "System Requirements": [
    0.45085398835915547,
    0.2657308686829011,
    0.2121130333837474
  ],
  "Shared Phenomena": [
    0.5336212484985043,
    0.24828513029152913,
    0.2681233269276303
  ]
}