{
    "Software System": [
        0.0,
        0.0,
        0
    ],
    "Physical Device": [
        0.21052631578947367,
        0.11764705882352941,
        0.21052631578947367
    ],
    "Environment Object": [
        0.10389610389610389,
        0.07894736842105263,
        0.09090909090909091
    ],
    "External System": [
        0.02150537634408602,
        0.0,
        0.02150537634408602
    ],
    "System Requirements": [
        0.031746031746031744,
        0.0,
        0.031746031746031744
    ],
    "Shared Phenomena": [
        0.11976047904191615,
        0.09619238476953908,
        0.10778443113772455
    ]
}