{
    "Software System": [
        0.10071942446043165,
        0.072992700729927,
        0.10071942446043165
    ],
    "Physical Device": [
        0.01388888888888889,
        0.0,
        0.01388888888888889
    ],
    "Environment Object": [
        0.3076923076923077,
        0.2247191011235955,
        0.3076923076923077
    ],
    "External System": [
        0.31067961165048547,
        0.1782178217821782,
        0.27184466019417475
    ],
    "System Requirements": [
        0.07777777777777778,
        0.0449438202247191,
        0.06666666666666667
    ],
    "Shared Phenomena": [
        0.16736401673640167,
        0.03375527426160338,
        0.100418410041841
    ]
}