{
    "Software System": [
        0.0967741935483871,
        0.06666666666666667,
        0.0967741935483871
    ],
    "Physical Device": [
        0.0,
        0.0,
        0
    ],
    "Environment Object": [
        0.23636363636363633,
        0.18518518518518517,
        0.23636363636363633
    ],
    "External System": [
        0.19999999999999998,
        0.08333333333333334,
        0.16
    ],
    "System Requirements": [
        0.0,
        0.0,
        0.0
    ],
    "Shared Phenomena": [
        0.0963855421686747,
        0.04048582995951417,
        0.08032128514056225
    ]
}