{
    "Software System": [
        0.11594202898550725,
        0.08955223880597014,
        0.11594202898550725
    ],
    "Physical Device": [
        0.07441860465116279,
        0.056338028169014086,
        0.07441860465116279
    ],
    "Environment Object": [
        0.21311475409836067,
        0.19999999999999998,
        0.21311475409836067
    ],
    "External System": [
        0.3877551020408163,
        0.22916666666666669,
        0.2653061224489796
    ],
    "System Requirements": [
        0.16744186046511628,
        0.09389671361502347,
        0.11162790697674418
    ],
    "Shared Phenomena": [
        0.175,
        0.12658227848101267,
        0.175
    ]
}