{
    "Software System": [
        0.3636363636363636,
        0.3488372093023256,
        0.3636363636363636
    ],
    "Physical Device": [
        0.0,
        0.0,
        0
    ],
    "Environment Object": [
        0.0,
        0.0,
        0
    ],
    "External System": [
        0.23529411764705882,
        0.21212121212121215,
        0.23529411764705882
    ],
    "System Requirements": [
        0.05194805194805195,
        0.026666666666666665,
        0.05194805194805195
    ],
    "Shared Phenomena": [
        0.16216216216216214,
        0.07650273224043717,
        0.14054054054054055
    ]
}