{
    "Software System": [
        0.08000000000000002,
        0.053691275167785234,
        0.08000000000000002
    ],
    "Physical Device": [
        0.040983606557377046,
        0.008264462809917356,
        0.040983606557377046
    ],
    "Environment Object": [
        0.0319634703196347,
        0.01834862385321101,
        0.0319634703196347
    ],
    "External System": [
        0.013223140495867768,
        0.006633499170812605,
        0.013223140495867768
    ],
    "System Requirements": [
        0.007888349514563105,
        0.005464480874316939,
        0.007888349514563105
    ],
    "Shared Phenomena": [
        0.07061068702290077,
        0.0344168260038241,
        0.05343511450381679
    ]
}