{
  "Software System": [
    0.12617866843844827,
    0.10529001511211245,
    0.12617866843844827
  ],
  "Physical Device": [
    0.0566362359811504,
    0.03037492496707681,
    0.0566362359811504
  ],
  "Environment Object": [
    0.14883837872834058,
    0.11786671309717406,
    0.14667387656383837
  ],
  "External System": [
    0.19474289136305242,
    0.11824542217903382,
    0.16119556952169453
  ],
  "System Requirements": [
    0.056133678575256814,
    0.02849528023012103,
    0.04497950114200961
  ],
  "Shared Phenomena": [
    0.1318804811886759,
    0.0679892209526551,
    0.10958329689408086
  ]
}