{
    "Software System": [
        6,
        2,
        22,
        0.75,
        0.21428571428571427,
        0.3333333333333333
    ],
    "Physical Device": [
        0,
        5,
        7,
        0.0,
        0.0,
        0
    ],
    "Environment Object": [
        8,
        5,
        48,
        0.6153846153846154,
        0.14285714285714285,
        0.23188405797101452
    ],
    "External System": [
        0,
        1,
        22,
        0.0,
        0.0,
        0
    ],
    "System Requirements": [
        1,
        30,
        16,
        0.03225806451612903,
        0.058823529411764705,
        0.041666666666666664
    ],
    "Shared Phenomena": [
        26,
        5,
        128,
        0.8387096774193549,
        0.16883116883116883,
        0.28108108108108104
    ],
    "total": [
        41,
        48,
        243,
        0.4606741573033708,
        0.1443661971830986,
        0.2198391420911528
    ]
}