{
    "Software System": [
        4,
        6,
        24,
        0.4,
        0.14285714285714285,
        0.21052631578947364
    ],
    "Physical Device": [
        0,
        9,
        7,
        0.0,
        0.0,
        0
    ],
    "Environment Object": [
        5,
        3,
        51,
        0.625,
        0.08928571428571429,
        0.15625
    ],
    "External System": [
        1,
        1,
        21,
        0.5,
        0.045454545454545456,
        0.08333333333333334
    ],
    "System Requirements": [
        0,
        29,
        17,
        0.0,
        0.0,
        0
    ],
    "Shared Phenomena": [
        27,
        4,
        127,
        0.8709677419354839,
        0.17532467532467533,
        0.29189189189189196
    ],
    "total": [
        37,
        52,
        247,
        0.4157303370786517,
        0.13028169014084506,
        0.19839142091152812
    ]
}