{
    "Software System": [
        0.6346863468634687,
        0.44609665427509293,
        0.41328413284132837
    ],
    "Physical Device": [
        0.30769230769230765,
        0.16666666666666666,
        0.23076923076923078
    ],
    "Environment Object": [
        0.5454545454545454,
        0.28808864265927975,
        0.31955922865013775
    ],
    "External System": [
        0.41666666666666663,
        0.19718309859154928,
        0.2361111111111111
    ],
    "System Requirements": [
        0.27118644067796605,
        0.1388101983002833,
        0.14124293785310735
    ],
    "Shared Phenomena": [
        0.3058823529411765,
        0.1618887015177066,
        0.19831932773109243
    ]
}