{
    "Software System": [
        0.46840148698884754,
        0.42910447761194026,
        0.4052044609665428
    ],
    "Physical Device": [
        0.5062500000000001,
        0.30188679245283023,
        0.36874999999999997
    ],
    "Environment Object": [
        0.47407407407407404,
        0.20149253731343283,
        0.2814814814814815
    ],
    "External System": [
        0.5736434108527132,
        0.3622047244094488,
        0.3875968992248062
    ],
    "System Requirements": [
        0.27482269503546103,
        0.16341030195381884,
        0.14361702127659573
    ],
    "Shared Phenomena": [
        0.33887043189368776,
        0.17391304347826086,
        0.22591362126245845
    ]
}