{
    "Software System": [
        0.39999999999999997,
        0.2462686567164179,
        0.2814814814814815
    ],
    "Physical Device": [
        0.29629629629629634,
        0.16,
        0.29629629629629634
    ],
    "Environment Object": [
        0.3790087463556851,
        0.15249266862170088,
        0.2798833819241982
    ],
    "External System": [
        0.1081081081081081,
        0.0,
        0.1081081081081081
    ],
    "System Requirements": [
        0.4051355206847361,
        0.19714285714285715,
        0.17403708987161198
    ],
    "Shared Phenomena": [
        0.4033970276008492,
        0.09808102345415778,
        0.19108280254777069
    ]
}