{
    "Software System": [
        0.5161290322580645,
        0.42276422764227645,
        0.43548387096774194
    ],
    "Physical Device": [
        0.6716417910447761,
        0.415,
        0.43283582089552236
    ],
    "Environment Object": [
        0.5806451612903225,
        0.3116883116883117,
        0.36129032258064514
    ],
    "External System": [
        0.3619047619047619,
        0.21359223300970875,
        0.30476190476190473
    ],
    "System Requirements": [
        0.40197287299630086,
        0.2249690976514215,
        0.21208384710234277
    ],
    "Shared Phenomena": [
        0.37442922374429227,
        0.12903225806451613,
        0.23744292237442924
    ]
}