{
    "Software System": [
        0.5432098765432098,
        0.4730290456431535,
        0.4609053497942387
    ],
    "Physical Device": [
        0.6238532110091743,
        0.4485981308411215,
        0.5504587155963302
    ],
    "Environment Object": [
        0.49289099526066343,
        0.2966507177033493,
        0.3601895734597156
    ],
    "External System": [
        0.2,
        0.02040816326530612,
        0.1
    ],
    "System Requirements": [
        0.39215686274509803,
        0.23098591549295777,
        0.19607843137254902
    ],
    "Shared Phenomena": [
        0.3508771929824562,
        0.18584070796460175,
        0.2719298245614035
    ]
}