{
    "Software System": [
        0.6195826645264847,
        0.3864734299516908,
        0.43338683788121996
    ],
    "Physical Device": [
        0.5801282051282052,
        0.3279742765273312,
        0.3333333333333333
    ],
    "Environment Object": [
        0.535632183908046,
        0.2741935483870968,
        0.33333333333333337
    ],
    "External System": [
        0.47030303030303033,
        0.32563791008505466,
        0.3272727272727272
    ],
    "System Requirements": [
        0.7484828051247471,
        0.49443507588532876,
        0.2666891436277815
    ],
    "Shared Phenomena": [
        0.5950029052876235,
        0.26178010471204183,
        0.2579895409645555
    ]
}