{
  "Software System": [
    0.5303349011966793,
    0.4006227486400953,
    0.4049576889887589
  ],
  "Physical Device": [
    0.4976436351951266,
    0.30335431108132493,
    0.3687405661484522
  ],
  "Environment Object": [
    0.5012842843905561,
    0.2541010710621952,
    0.3226228869049186
  ],
  "External System": [
    0.35510432963921335,
    0.18650435489351128,
    0.24397512507977626
  ],
  "System Requirements": [
    0.4156261995440515,
    0.24162557440444454,
    0.1889580785173314
  ],
  "Shared Phenomena": [
    0.3947431890750142,
    0.16842263986521414,
    0.23044633990695162
  ]
}