{
    "Software System": [
        9,
        6,
        19,
        0.6,
        0.32142857142857145,
        0.41860465116279066
    ],
    "Physical Device": [
        3,
        4,
        4,
        0.42857142857142855,
        0.42857142857142855,
        0.42857142857142855
    ],
    "Environment Object": [
        3,
        3,
        53,
        0.5,
        0.05357142857142857,
        0.09677419354838708
    ],
    "External System": [
        3,
        7,
        19,
        0.3,
        0.13636363636363635,
        0.18749999999999997
    ],
    "System Requirements": [
        0,
        7,
        17,
        0.0,
        0.0,
        0
    ],
    "Shared Phenomena": [
        6,
        24,
        148,
        0.2,
        0.03896103896103896,
        0.06521739130434782
    ],
    "total": [
        24,
        51,
        260,
        0.32,
        0.08450704225352113,
        0.13370473537604458
    ]
}