{
    "Software System": [
        1,
        27,
        20,
        0.03571428571428571,
        0.047619047619047616,
        0.04081632653061224
    ],
    "Physical Device": [
        3,
        11,
        37,
        0.21428571428571427,
        0.075,
        0.1111111111111111
    ],
    "Environment Object": [
        9,
        23,
        22,
        0.28125,
        0.2903225806451613,
        0.28571428571428575
    ],
    "External System": [
        3,
        13,
        18,
        0.1875,
        0.14285714285714285,
        0.16216216216216214
    ],
    "System Requirements": [
        1,
        28,
        32,
        0.034482758620689655,
        0.030303030303030304,
        0.03225806451612904
    ],
    "Shared Phenomena": [
        3,
        38,
        65,
        0.07317073170731707,
        0.04411764705882353,
        0.05504587155963303
    ],
    "total": [
        20,
        140,
        194,
        0.125,
        0.09345794392523364,
        0.10695187165775401
    ]
}