{
    "Software System": [
        2,
        21,
        12,
        0.08695652173913043,
        0.14285714285714285,
        0.1081081081081081
    ],
    "Physical Device": [
        0,
        4,
        5,
        0.0,
        0.0,
        0
    ],
    "Environment Object": [
        9,
        25,
        39,
        0.2647058823529412,
        0.1875,
        0.21951219512195125
    ],
    "External System": [
        2,
        17,
        17,
        0.10526315789473684,
        0.10526315789473684,
        0.10526315789473684
    ],
    "System Requirements": [
        1,
        23,
        71,
        0.041666666666666664,
        0.013888888888888888,
        0.020833333333333332
    ],
    "Shared Phenomena": [
        5,
        42,
        88,
        0.10638297872340426,
        0.053763440860215055,
        0.07142857142857144
    ],
    "total": [
        19,
        132,
        232,
        0.12582781456953643,
        0.07569721115537849,
        0.0945273631840796
    ]
}