{
    "Software System": [
        7,
        19,
        16,
        0.2692307692307692,
        0.30434782608695654,
        0.28571428571428575
    ],
    "Physical Device": [
        4,
        5,
        77,
        0.4444444444444444,
        0.04938271604938271,
        0.08888888888888889
    ],
    "Environment Object": [
        7,
        8,
        35,
        0.4666666666666667,
        0.16666666666666666,
        0.2456140350877193
    ],
    "External System": [
        4,
        12,
        17,
        0.25,
        0.19047619047619047,
        0.2162162162162162
    ],
    "System Requirements": [
        2,
        19,
        33,
        0.09523809523809523,
        0.05714285714285714,
        0.07142857142857142
    ],
    "Shared Phenomena": [
        3,
        25,
        53,
        0.10714285714285714,
        0.05357142857142857,
        0.07142857142857142
    ],
    "total": [
        27,
        88,
        231,
        0.23478260869565218,
        0.10465116279069768,
        0.1447721179624665
    ]
}