{
    "Software System": [
        3,
        12,
        15,
        0.2,
        0.16666666666666666,
        0.1818181818181818
    ],
    "Physical Device": [
        1,
        0,
        16,
        1.0,
        0.058823529411764705,
        0.1111111111111111
    ],
    "Environment Object": [
        2,
        3,
        29,
        0.4,
        0.06451612903225806,
        0.1111111111111111
    ],
    "External System": [
        1,
        4,
        18,
        0.2,
        0.05263157894736842,
        0.08333333333333333
    ],
    "System Requirements": [
        0,
        6,
        15,
        0.0,
        0.0,
        0
    ],
    "Shared Phenomena": [
        0,
        19,
        40,
        0.0,
        0.0,
        0
    ],
    "total": [
        7,
        44,
        133,
        0.13725490196078433,
        0.05,
        0.07329842931937174
    ]
}