{
    "Software System": [
        2,
        21,
        5,
        0.08695652173913043,
        0.2857142857142857,
        0.13333333333333333
    ],
    "Physical Device": [
        1,
        3,
        4,
        0.25,
        0.2,
        0.22222222222222224
    ],
    "Environment Object": [
        9,
        14,
        17,
        0.391304347826087,
        0.34615384615384615,
        0.36734693877551017
    ],
    "External System": [
        0,
        13,
        4,
        0.0,
        0.0,
        0
    ],
    "System Requirements": [
        0,
        15,
        18,
        0.0,
        0.0,
        0
    ],
    "Shared Phenomena": [
        0,
        26,
        7,
        0.0,
        0.0,
        0
    ],
    "total": [
        12,
        92,
        55,
        0.11538461538461539,
        0.1791044776119403,
        0.14035087719298248
    ]
}