{
    "Software System": [
        8,
        31,
        65,
        0.20512820512820512,
        0.1095890410958904,
        0.14285714285714285
    ],
    "Physical Device": [
        2,
        23,
        81,
        0.08,
        0.024096385542168676,
        0.037037037037037035
    ],
    "Environment Object": [
        5,
        23,
        147,
        0.17857142857142858,
        0.03289473684210526,
        0.05555555555555555
    ],
    "External System": [
        5,
        15,
        177,
        0.25,
        0.027472527472527472,
        0.0495049504950495
    ],
    "System Requirements": [
        3,
        46,
        358,
        0.061224489795918366,
        0.008310249307479225,
        0.014634146341463415
    ],
    "Shared Phenomena": [
        11,
        78,
        253,
        0.12359550561797752,
        0.041666666666666664,
        0.06232294617563739
    ],
    "total": [
        34,
        216,
        1081,
        0.136,
        0.030493273542600896,
        0.04981684981684982
    ]
}