{
  "Software System": [
    0.21199804336450295,
    0.19688894020979444,
    0.18732171850349352
  ],
  "Physical Device": [
    0.34532879818594103,
    0.11941057993924922,
    0.14270597127739987
  ],
  "Environment Object": [
    0.35464261791673185,
    0.16308934113020943,
    0.19737547355921717
  ],
  "External System": [
    0.18468045112781953,
    0.09358060485880033,
    0.11485426001449972
  ],
  "System Requirements": [
    0.03323028718876713,
    0.015663575091750793,
    0.01987915937421389
  ],
  "Shared Phenomena": [
    0.08718458188450799,
    0.03315431744545325,
    0.046491907413823017
  ],
  "total": [
    0.17060713437294117,
    0.08827301589705316,
    0.1062031777870784
  ]
}