{
    "Software System": [
        13,
        23,
        15,
        0.3611111111111111,
        0.4642857142857143,
        0.40625000000000006
    ],
    "Physical Device": [
        1,
        20,
        6,
        0.047619047619047616,
        0.14285714285714285,
        0.07142857142857142
    ],
    "Environment Object": [
        14,
        22,
        42,
        0.3888888888888889,
        0.25,
        0.30434782608695654
    ],
    "External System": [
        4,
        48,
        18,
        0.07692307692307693,
        0.18181818181818182,
        0.10810810810810811
    ],
    "System Requirements": [
        2,
        108,
        15,
        0.01818181818181818,
        0.11764705882352941,
        0.031496062992125984
    ],
    "Shared Phenomena": [
        56,
        23,
        98,
        0.7088607594936709,
        0.36363636363636365,
        0.48068669527897007
    ],
    "total": [
        90,
        244,
        194,
        0.2694610778443114,
        0.31690140845070425,
        0.29126213592233013
    ]
}