{
    "Software System": [
        13,
        52,
        8,
        0.2,
        0.6190476190476191,
        0.3023255813953489
    ],
    "Physical Device": [
        9,
        48,
        31,
        0.15789473684210525,
        0.225,
        0.18556701030927833
    ],
    "Environment Object": [
        14,
        21,
        17,
        0.4,
        0.45161290322580644,
        0.4242424242424243
    ],
    "External System": [
        2,
        6,
        19,
        0.25,
        0.09523809523809523,
        0.13793103448275862
    ],
    "System Requirements": [
        7,
        158,
        26,
        0.04242424242424243,
        0.21212121212121213,
        0.0707070707070707
    ],
    "Shared Phenomena": [
        13,
        65,
        55,
        0.16666666666666666,
        0.19117647058823528,
        0.17808219178082194
    ],
    "total": [
        58,
        350,
        156,
        0.14215686274509803,
        0.27102803738317754,
        0.1864951768488746
    ]
}