{
    "Software System": [
        7,
        31,
        7,
        0.18421052631578946,
        0.5,
        0.2692307692307692
    ],
    "Physical Device": [
        2,
        14,
        3,
        0.125,
        0.4,
        0.19047619047619047
    ],
    "Environment Object": [
        20,
        37,
        28,
        0.3508771929824561,
        0.4166666666666667,
        0.38095238095238093
    ],
    "External System": [
        2,
        16,
        17,
        0.1111111111111111,
        0.10526315789473684,
        0.10810810810810811
    ],
    "System Requirements": [
        14,
        252,
        58,
        0.05263157894736842,
        0.19444444444444445,
        0.08284023668639053
    ],
    "Shared Phenomena": [
        14,
        139,
        79,
        0.0915032679738562,
        0.15053763440860216,
        0.11382113821138211
    ],
    "total": [
        59,
        489,
        192,
        0.10766423357664233,
        0.2350597609561753,
        0.1476846057571965
    ]
}