{
    "Software System": [
        16,
        33,
        7,
        0.32653061224489793,
        0.6956521739130435,
        0.4444444444444445
    ],
    "Physical Device": [
        37,
        34,
        44,
        0.5211267605633803,
        0.4567901234567901,
        0.48684210526315785
    ],
    "Environment Object": [
        15,
        32,
        27,
        0.3191489361702128,
        0.35714285714285715,
        0.3370786516853933
    ],
    "External System": [
        5,
        12,
        16,
        0.29411764705882354,
        0.23809523809523808,
        0.2631578947368421
    ],
    "System Requirements": [
        4,
        135,
        31,
        0.02877697841726619,
        0.11428571428571428,
        0.04597701149425287
    ],
    "Shared Phenomena": [
        12,
        37,
        44,
        0.24489795918367346,
        0.21428571428571427,
        0.22857142857142856
    ],
    "total": [
        89,
        283,
        169,
        0.239247311827957,
        0.3449612403100775,
        0.28253968253968254
    ]
}