{
    "Software System": [
        13,
        22,
        5,
        0.37142857142857144,
        0.7222222222222222,
        0.490566037735849
    ],
    "Physical Device": [
        8,
        7,
        9,
        0.5333333333333333,
        0.47058823529411764,
        0.5
    ],
    "Environment Object": [
        6,
        20,
        25,
        0.23076923076923078,
        0.1935483870967742,
        0.21052631578947367
    ],
    "External System": [
        4,
        19,
        15,
        0.17391304347826086,
        0.21052631578947367,
        0.1904761904761905
    ],
    "System Requirements": [
        3,
        73,
        12,
        0.039473684210526314,
        0.2,
        0.06593406593406594
    ],
    "Shared Phenomena": [
        9,
        25,
        31,
        0.2647058823529412,
        0.225,
        0.24324324324324323
    ],
    "total": [
        43,
        166,
        97,
        0.20574162679425836,
        0.30714285714285716,
        0.2464183381088825
    ]
}