{
  "Software System": [
    0.288656164220074,
    0.6002415458937198,
    0.3825633665612823
  ],
  "Physical Device": [
    0.27699477567157327,
    0.3390471003216101,
    0.2868627754954396
  ],
  "Environment Object": [
    0.3379368497621577,
    0.33379416282642094,
    0.33142951975132573
  ],
  "External System": [
    0.1812129757142545,
    0.16618819776714513,
    0.1615562671824015
  ],
  "System Requirements": [
    0.03629766043624431,
    0.16769968593498005,
    0.0593908895627812
  ],
  "Shared Phenomena": [
    0.29532690713416165,
    0.22892723658378306,
    0.24888093941716916
  ],
  "total": [
    0.19285422255765342,
    0.29501866084859835,
    0.23087998783539326
  ]
}