{
    "Software System": [
        12,
        24,
        16,
        0.3333333333333333,
        0.42857142857142855,
        0.375
    ],
    "Physical Device": [
        0,
        10,
        7,
        0.0,
        0.0,
        0
    ],
    "Environment Object": [
        18,
        39,
        38,
        0.3157894736842105,
        0.32142857142857145,
        0.3185840707964602
    ],
    "External System": [
        5,
        18,
        17,
        0.21739130434782608,
        0.22727272727272727,
        0.22222222222222224
    ],
    "System Requirements": [
        1,
        88,
        16,
        0.011235955056179775,
        0.058823529411764705,
        0.018867924528301886
    ],
    "Shared Phenomena": [
        25,
        15,
        129,
        0.625,
        0.16233766233766234,
        0.25773195876288657
    ],
    "total": [
        61,
        194,
        223,
        0.23921568627450981,
        0.2147887323943662,
        0.22634508348794063
    ]
}