{
    "Software System": [
        14,
        53,
        7,
        0.208955223880597,
        0.6666666666666666,
        0.3181818181818181
    ],
    "Physical Device": [
        11,
        51,
        29,
        0.1774193548387097,
        0.275,
        0.21568627450980393
    ],
    "Environment Object": [
        6,
        36,
        25,
        0.14285714285714285,
        0.1935483870967742,
        0.1643835616438356
    ],
    "External System": [
        2,
        7,
        19,
        0.2222222222222222,
        0.09523809523809523,
        0.13333333333333333
    ],
    "System Requirements": [
        8,
        106,
        25,
        0.07017543859649122,
        0.24242424242424243,
        0.10884353741496597
    ],
    "Shared Phenomena": [
        8,
        25,
        60,
        0.24242424242424243,
        0.11764705882352941,
        0.15841584158415842
    ],
    "total": [
        49,
        278,
        165,
        0.14984709480122324,
        0.22897196261682243,
        0.18114602587800369
    ]
}