{
    "Software System": [
        10,
        16,
        4,
        0.38461538461538464,
        0.7142857142857143,
        0.5
    ],
    "Physical Device": [
        2,
        11,
        3,
        0.15384615384615385,
        0.4,
        0.2222222222222222
    ],
    "Environment Object": [
        15,
        55,
        32,
        0.21428571428571427,
        0.3191489361702128,
        0.2564102564102564
    ],
    "External System": [
        1,
        11,
        18,
        0.08333333333333333,
        0.05263157894736842,
        0.06451612903225808
    ],
    "System Requirements": [
        4,
        126,
        68,
        0.03076923076923077,
        0.05555555555555555,
        0.039603960396039604
    ],
    "Shared Phenomena": [
        9,
        81,
        83,
        0.1,
        0.09782608695652174,
        0.0989010989010989
    ],
    "total": [
        41,
        300,
        208,
        0.12023460410557185,
        0.1646586345381526,
        0.13898305084745763
    ]
}