{
    "Software System": [
        11,
        29,
        7,
        0.275,
        0.6111111111111112,
        0.3793103448275862
    ],
    "Physical Device": [
        2,
        11,
        15,
        0.15384615384615385,
        0.11764705882352941,
        0.13333333333333333
    ],
    "Environment Object": [
        5,
        19,
        26,
        0.20833333333333334,
        0.16129032258064516,
        0.1818181818181818
    ],
    "External System": [
        2,
        14,
        17,
        0.125,
        0.10526315789473684,
        0.11428571428571428
    ],
    "System Requirements": [
        6,
        42,
        9,
        0.125,
        0.4,
        0.19047619047619047
    ],
    "Shared Phenomena": [
        5,
        16,
        35,
        0.23809523809523808,
        0.125,
        0.16393442622950818
    ],
    "total": [
        31,
        131,
        109,
        0.19135802469135801,
        0.22142857142857142,
        0.20529801324503313
    ]
}