{
    "Software System": [
        9,
        66,
        64,
        0.12,
        0.1232876712328767,
        0.12162162162162161
    ],
    "Physical Device": [
        34,
        118,
        49,
        0.2236842105263158,
        0.40963855421686746,
        0.28936170212765955
    ],
    "Environment Object": [
        20,
        75,
        132,
        0.21052631578947367,
        0.13157894736842105,
        0.16194331983805668
    ],
    "External System": [
        34,
        40,
        148,
        0.4594594594594595,
        0.18681318681318682,
        0.26562500000000006
    ],
    "System Requirements": [
        42,
        494,
        319,
        0.07835820895522388,
        0.11634349030470914,
        0.09364548494983277
    ],
    "Shared Phenomena": [
        37,
        175,
        227,
        0.17452830188679244,
        0.14015151515151514,
        0.15546218487394955
    ],
    "total": [
        176,
        968,
        939,
        0.15384615384615385,
        0.15784753363228698,
        0.15582115980522354
    ]
}