{
  "Software System": [
    0.26438078836586304,
    0.5087845183735594,
    0.33882275692620517
  ],
  "Physical Device": [
    0.14175917461146664,
    0.2404571226080794,
    0.1721207064386038
  ],
  "Environment Object": [
    0.21835839598997495,
    0.2253990329289249,
    0.21662787810135814
  ],
  "External System": [
    0.22148126387256822,
    0.1334437492332229,
    0.1599964797747056
  ],
  "System Requirements": [
    0.06310776667542513,
    0.17462936353925437,
    0.09028741955306614
  ],
  "Shared Phenomena": [
    0.2760095564812546,
    0.12859246465384572,
    0.16688910207032032
  ],
  "total": [
    0.17090031274376336,
    0.19753908692203992,
    0.18151866665273175
  ]
}