{
    "Software System": [
        0.31932773109243695,
        0.18803418803418803,
        0.2857142857142857
    ],
    "Physical Device": [
        0.06451612903225808,
        0.0,
        0.06451612903225808
    ],
    "Environment Object": [
        0.175,
        0.08860759493670886,
        0.1375
    ],
    "External System": [
        0.041666666666666664,
        0.02127659574468085,
        0.041666666666666664
    ],
    "System Requirements": [
        0.2821782178217822,
        0.1044776119402985,
        0.18316831683168316
    ],
    "Shared Phenomena": [
        0.2788990825688073,
        0.19521178637200734,
        0.25688073394495414
    ]
}