{
    "Software System": [
        0.6535433070866141,
        0.45238095238095244,
        0.4803149606299213
    ],
    "Physical Device": [
        0.35714285714285715,
        0.23076923076923075,
        0.21428571428571427
    ],
    "Environment Object": [
        0.5582822085889572,
        0.28395061728395066,
        0.2699386503067484
    ],
    "External System": [
        0.5664739884393064,
        0.40935672514619886,
        0.3005780346820809
    ],
    "System Requirements": [
        0.23776223776223776,
        0.0468384074941452,
        0.14452214452214454
    ],
    "Shared Phenomena": [
        0.1894353369763206,
        0.09140767824497258,
        0.12750455373406192
    ]
}