{
    "Software System": [
        0.6796875,
        0.4960629921259842,
        0.49218749999999994
    ],
    "Physical Device": [
        0.22727272727272727,
        0.09523809523809525,
        0.1818181818181818
    ],
    "Environment Object": [
        0.49689440993788814,
        0.2125,
        0.2608695652173913
    ],
    "External System": [
        0.41935483870967744,
        0.21739130434782608,
        0.26881720430107525
    ],
    "System Requirements": [
        0.266173752310536,
        0.08163265306122448,
        0.1367837338262477
    ],
    "Shared Phenomena": [
        0.3812600969305332,
        0.239870340356564,
        0.2940226171243942
    ]
}