{
    "Software System": [
        9,
        7,
        19,
        0.5625,
        0.32142857142857145,
        0.40909090909090917
    ],
    "Physical Device": [
        1,
        18,
        6,
        0.05263157894736842,
        0.14285714285714285,
        0.07692307692307693
    ],
    "Environment Object": [
        11,
        32,
        45,
        0.2558139534883721,
        0.19642857142857142,
        0.22222222222222224
    ],
    "External System": [
        7,
        28,
        15,
        0.2,
        0.3181818181818182,
        0.2456140350877193
    ],
    "System Requirements": [
        1,
        62,
        16,
        0.015873015873015872,
        0.058823529411764705,
        0.024999999999999998
    ],
    "Shared Phenomena": [
        56,
        23,
        98,
        0.7088607594936709,
        0.36363636363636365,
        0.48068669527897007
    ],
    "total": [
        85,
        170,
        199,
        0.3333333333333333,
        0.2992957746478873,
        0.31539888682745826
    ]
}