{
    "Software System": [
        14,
        58,
        7,
        0.19444444444444445,
        0.6666666666666666,
        0.3010752688172043
    ],
    "Physical Device": [
        9,
        43,
        31,
        0.17307692307692307,
        0.225,
        0.19565217391304346
    ],
    "Environment Object": [
        10,
        21,
        21,
        0.3225806451612903,
        0.3225806451612903,
        0.3225806451612903
    ],
    "External System": [
        1,
        7,
        20,
        0.125,
        0.047619047619047616,
        0.06896551724137931
    ],
    "System Requirements": [
        1,
        85,
        32,
        0.011627906976744186,
        0.030303030303030304,
        0.01680672268907563
    ],
    "Shared Phenomena": [
        12,
        49,
        56,
        0.19672131147540983,
        0.17647058823529413,
        0.18604651162790695
    ],
    "total": [
        47,
        263,
        167,
        0.15161290322580645,
        0.21962616822429906,
        0.17938931297709923
    ]
}