{
    "Software System": [
        8,
        18,
        6,
        0.3076923076923077,
        0.5714285714285714,
        0.4
    ],
    "Physical Device": [
        3,
        21,
        2,
        0.125,
        0.6,
        0.20689655172413793
    ],
    "Environment Object": [
        13,
        34,
        35,
        0.2765957446808511,
        0.2708333333333333,
        0.2736842105263158
    ],
    "External System": [
        1,
        11,
        18,
        0.08333333333333333,
        0.05263157894736842,
        0.06451612903225808
    ],
    "System Requirements": [
        5,
        121,
        67,
        0.03968253968253968,
        0.06944444444444445,
        0.050505050505050504
    ],
    "Shared Phenomena": [
        6,
        108,
        87,
        0.05263157894736842,
        0.06451612903225806,
        0.05797101449275362
    ],
    "total": [
        36,
        313,
        215,
        0.10315186246418338,
        0.14342629482071714,
        0.12000000000000001
    ]
}