{
    "Software System": [
        13,
        22,
        10,
        0.37142857142857144,
        0.5652173913043478,
        0.4482758620689655
    ],
    "Physical Device": [
        35,
        38,
        46,
        0.4794520547945205,
        0.43209876543209874,
        0.45454545454545453
    ],
    "Environment Object": [
        14,
        30,
        28,
        0.3181818181818182,
        0.3333333333333333,
        0.3255813953488372
    ],
    "External System": [
        3,
        11,
        18,
        0.21428571428571427,
        0.14285714285714285,
        0.17142857142857143
    ],
    "System Requirements": [
        1,
        38,
        34,
        0.02564102564102564,
        0.02857142857142857,
        0.027027027027027025
    ],
    "Shared Phenomena": [
        10,
        42,
        46,
        0.19230769230769232,
        0.17857142857142858,
        0.1851851851851852
    ],
    "total": [
        76,
        181,
        182,
        0.29571984435797666,
        0.29457364341085274,
        0.2951456310679612
    ]
}