{
    "Software System": [
        11,
        20,
        7,
        0.3548387096774194,
        0.6111111111111112,
        0.4489795918367347
    ],
    "Physical Device": [
        8,
        6,
        9,
        0.5714285714285714,
        0.47058823529411764,
        0.5161290322580646
    ],
    "Environment Object": [
        1,
        12,
        30,
        0.07692307692307693,
        0.03225806451612903,
        0.045454545454545456
    ],
    "External System": [
        5,
        23,
        14,
        0.17857142857142858,
        0.2631578947368421,
        0.2127659574468085
    ],
    "System Requirements": [
        3,
        23,
        12,
        0.11538461538461539,
        0.2,
        0.14634146341463417
    ],
    "Shared Phenomena": [
        5,
        23,
        35,
        0.17857142857142858,
        0.125,
        0.14705882352941174
    ],
    "total": [
        33,
        107,
        107,
        0.2357142857142857,
        0.2357142857142857,
        0.2357142857142857
    ]
}