{
    "Software System": [
        16,
        67,
        57,
        0.1927710843373494,
        0.2191780821917808,
        0.20512820512820512
    ],
    "Physical Device": [
        33,
        119,
        50,
        0.21710526315789475,
        0.39759036144578314,
        0.28085106382978725
    ],
    "Environment Object": [
        21,
        58,
        131,
        0.26582278481012656,
        0.13815789473684212,
        0.1818181818181818
    ],
    "External System": [
        22,
        30,
        160,
        0.4230769230769231,
        0.12087912087912088,
        0.18803418803418806
    ],
    "System Requirements": [
        50,
        239,
        311,
        0.17301038062283736,
        0.13850415512465375,
        0.15384615384615385
    ],
    "Shared Phenomena": [
        59,
        289,
        205,
        0.16954022988505746,
        0.22348484848484848,
        0.19281045751633985
    ],
    "total": [
        201,
        802,
        914,
        0.20039880358923232,
        0.18026905829596412,
        0.1898016997167139
    ]
}