{
  "Software System": [
    0.2842350235160185,
    0.5267203645404955,
    0.36069178557022197
  ],
  "Physical Device": [
    0.3132125624915819,
    0.4250554724343999,
    0.33081485525409754
  ],
  "Environment Object": [
    0.25202081395143255,
    0.2194326542161856,
    0.22982379566183414
  ],
  "External System": [
    0.20485347985347985,
    0.12542895700790438,
    0.14114207263664108
  ],
  "System Requirements": [
    0.07306929366155245,
    0.09336461168871142,
    0.07890528349638823
  ],
  "Shared Phenomena": [
    0.15795444823739133,
    0.15360859886476586,
    0.15381439847031947
  ],
  "total": [
    0.19731953987029693,
    0.21472189009322373,
    0.204010185895212
  ]
}