{
    "Software System": [
        0.5844155844155844,
        0.4999999999999999,
        0.5454545454545455
    ],
    "Physical Device": [
        0.29166666666666663,
        0.1739130434782609,
        0.16666666666666666
    ],
    "Environment Object": [
        0.6585365853658537,
        0.3852459016393443,
        0.3902439024390244
    ],
    "External System": [
        0.48847926267281105,
        0.26046511627906976,
        0.3410138248847926
    ],
    "System Requirements": [
        0.22727272727272724,
        0.07594936708860758,
        0.12626262626262624
    ],
    "Shared Phenomena": [
        0.5710227272727272,
        0.3846153846153846,
        0.4204545454545455
    ]
}