{
    "Software System": [
        8,
        9,
        20,
        0.47058823529411764,
        0.2857142857142857,
        0.35555555555555557
    ],
    "Physical Device": [
        1,
        12,
        6,
        0.07692307692307693,
        0.14285714285714285,
        0.1
    ],
    "Environment Object": [
        15,
        52,
        41,
        0.22388059701492538,
        0.26785714285714285,
        0.24390243902439024
    ],
    "External System": [
        6,
        24,
        16,
        0.2,
        0.2727272727272727,
        0.23076923076923075
    ],
    "System Requirements": [
        1,
        34,
        16,
        0.02857142857142857,
        0.058823529411764705,
        0.038461538461538464
    ],
    "Shared Phenomena": [
        26,
        12,
        128,
        0.6842105263157895,
        0.16883116883116883,
        0.2708333333333333
    ],
    "total": [
        57,
        143,
        227,
        0.285,
        0.2007042253521127,
        0.23553719008264462
    ]
}