{
    "Software System": [
        0.6976744186046512,
        0.5539906103286385,
        0.4558139534883721
    ],
    "Physical Device": [
        0.20689655172413793,
        0.10714285714285712,
        0.17241379310344826
    ],
    "Environment Object": [
        0.4935064935064935,
        0.28820960698689957,
        0.35497835497835495
    ],
    "External System": [
        0.3317972350230415,
        0.13953488372093023,
        0.20276497695852533
    ],
    "System Requirements": [
        0.18501529051987767,
        0.1439509954058193,
        0.11620795107033641
    ],
    "Shared Phenomena": [
        0.6264044943820225,
        0.4732394366197183,
        0.5168539325842697
    ]
}