{
    "Software System": [
        0.5734597156398105,
        0.5333333333333333,
        0.5071090047393364
    ],
    "Physical Device": [
        0.4771929824561404,
        0.2756183745583039,
        0.3157894736842105
    ],
    "Environment Object": [
        0.6580645161290323,
        0.36601307189542487,
        0.4387096774193549
    ],
    "External System": [
        0.14141414141414144,
        0.041237113402061855,
        0.10101010101010101
    ],
    "System Requirements": [
        0.19789227166276346,
        0.15005861664712777,
        0.11124121779859485
    ],
    "Shared Phenomena": [
        0.5469387755102041,
        0.27868852459016397,
        0.2938775510204082
    ]
}