{
    "Software System": [
        0.6436781609195402,
        0.45348837209302323,
        0.5057471264367817
    ],
    "Physical Device": [
        0.2777777777777778,
        0.058823529411764705,
        0.22222222222222224
    ],
    "Environment Object": [
        0.5797101449275363,
        0.28292682926829266,
        0.43478260869565216
    ],
    "External System": [
        0.4090909090909091,
        0.13953488372093023,
        0.29545454545454547
    ],
    "System Requirements": [
        0.2797704447632711,
        0.20746590093323763,
        0.12482065997130559
    ],
    "Shared Phenomena": [
        0.4217506631299735,
        0.11702127659574467,
        0.21220159151193632
    ]
}