{
    "Software System": [
        0.5898617511520737,
        0.5023255813953488,
        0.5069124423963134
    ],
    "Physical Device": [
        0.6987341772151898,
        0.5089058524173028,
        0.5113924050632911
    ],
    "Environment Object": [
        0.5714285714285714,
        0.31627906976744186,
        0.40552995391705066
    ],
    "External System": [
        0.5625,
        0.41269841269841273,
        0.43750000000000006
    ],
    "System Requirements": [
        0.2570621468926554,
        0.20226308345120225,
        0.17231638418079098
    ],
    "Shared Phenomena": [
        0.5882352941176471,
        0.22996515679442506,
        0.2768166089965398
    ]
}