{
    "Software System": [
        0.7076923076923077,
        0.6010362694300517,
        0.594871794871795
    ],
    "Physical Device": [
        0.5555555555555556,
        0.4150943396226416,
        0.5000000000000001
    ],
    "Environment Object": [
        0.48,
        0.28901734104046245,
        0.32
    ],
    "External System": [
        0.5040650406504066,
        0.24793388429752067,
        0.30894308943089427
    ],
    "System Requirements": [
        0.23622047244094488,
        0.18641390205371247,
        0.15118110236220472
    ],
    "Shared Phenomena": [
        0.618705035971223,
        0.44202898550724634,
        0.4820143884892087
    ]
}