{
  "Software System": [
    0.6424732708016767,
    0.5288348333160791,
    0.5140908643865197
  ],
  "Physical Device": [
    0.4432314089457603,
    0.27311699063057404,
    0.3443635788146344
  ],
  "Environment Object": [
    0.5565419451983267,
    0.30848918379170426,
    0.39080011900208256
  ],
  "External System": [
    0.3897734652356997,
    0.19618783556797115,
    0.2691345425708132
  ],
  "System Requirements": [
    0.23119212525590246,
    0.17803049969821988,
    0.1351534630766465
  ],
  "Shared Phenomena": [
    0.5604068526222139,
    0.30818867602145966,
    0.35635281452047257
  ]
}