{
    "Software System": [
        9,
        13,
        19,
        0.4090909090909091,
        0.32142857142857145,
        0.36000000000000004
    ],
    "Physical Device": [
        0,
        7,
        7,
        0.0,
        0.0,
        0
    ],
    "Environment Object": [
        5,
        10,
        51,
        0.3333333333333333,
        0.08928571428571429,
        0.14084507042253522
    ],
    "External System": [
        2,
        17,
        20,
        0.10526315789473684,
        0.09090909090909091,
        0.0975609756097561
    ],
    "System Requirements": [
        0,
        37,
        17,
        0.0,
        0.0,
        0
    ],
    "Shared Phenomena": [
        22,
        14,
        132,
        0.6111111111111112,
        0.14285714285714285,
        0.23157894736842108
    ],
    "total": [
        38,
        98,
        246,
        0.27941176470588236,
        0.13380281690140844,
        0.18095238095238092
    ]
}