{
    "Software System": [
        5,
        26,
        16,
        0.16129032258064516,
        0.23809523809523808,
        0.1923076923076923
    ],
    "Physical Device": [
        2,
        13,
        38,
        0.13333333333333333,
        0.05,
        0.07272727272727272
    ],
    "Environment Object": [
        5,
        7,
        26,
        0.4166666666666667,
        0.16129032258064516,
        0.2325581395348837
    ],
    "External System": [
        1,
        10,
        20,
        0.09090909090909091,
        0.047619047619047616,
        0.0625
    ],
    "System Requirements": [
        3,
        50,
        30,
        0.05660377358490566,
        0.09090909090909091,
        0.06976744186046512
    ],
    "Shared Phenomena": [
        2,
        25,
        66,
        0.07407407407407407,
        0.029411764705882353,
        0.04210526315789473
    ],
    "total": [
        18,
        131,
        196,
        0.12080536912751678,
        0.08411214953271028,
        0.09917355371900827
    ]
}