{
    "Software System": [
        0,
        27,
        14,
        0.0,
        0.0,
        0
    ],
    "Physical Device": [
        3,
        11,
        2,
        0.21428571428571427,
        0.6,
        0.3157894736842105
    ],
    "Environment Object": [
        16,
        27,
        32,
        0.37209302325581395,
        0.3333333333333333,
        0.3516483516483517
    ],
    "External System": [
        3,
        22,
        16,
        0.12,
        0.15789473684210525,
        0.13636363636363635
    ],
    "System Requirements": [
        4,
        148,
        68,
        0.02631578947368421,
        0.05555555555555555,
        0.03571428571428571
    ],
    "Shared Phenomena": [
        6,
        101,
        87,
        0.056074766355140186,
        0.06451612903225806,
        0.05999999999999999
    ],
    "total": [
        32,
        336,
        219,
        0.08695652173913043,
        0.12749003984063745,
        0.10339256865912762
    ]
}