{
    "Software System": [
        7,
        18,
        16,
        0.28,
        0.30434782608695654,
        0.2916666666666667
    ],
    "Physical Device": [
        17,
        10,
        64,
        0.6296296296296297,
        0.20987654320987653,
        0.3148148148148148
    ],
    "Environment Object": [
        9,
        20,
        33,
        0.3103448275862069,
        0.21428571428571427,
        0.2535211267605634
    ],
    "External System": [
        1,
        6,
        20,
        0.14285714285714285,
        0.047619047619047616,
        0.07142857142857142
    ],
    "System Requirements": [
        0,
        52,
        35,
        0.0,
        0.0,
        0
    ],
    "Shared Phenomena": [
        6,
        13,
        50,
        0.3157894736842105,
        0.10714285714285714,
        0.16
    ],
    "total": [
        40,
        119,
        218,
        0.25157232704402516,
        0.15503875968992248,
        0.19184652278177458
    ]
}