{
    "Software System": [
        9,
        23,
        9,
        0.28125,
        0.5,
        0.36
    ],
    "Physical Device": [
        7,
        3,
        10,
        0.7,
        0.4117647058823529,
        0.5185185185185185
    ],
    "Environment Object": [
        3,
        7,
        28,
        0.3,
        0.0967741935483871,
        0.14634146341463414
    ],
    "External System": [
        4,
        7,
        15,
        0.36363636363636365,
        0.21052631578947367,
        0.26666666666666666
    ],
    "System Requirements": [
        1,
        37,
        14,
        0.02631578947368421,
        0.06666666666666667,
        0.03773584905660377
    ],
    "Shared Phenomena": [
        3,
        4,
        37,
        0.42857142857142855,
        0.075,
        0.1276595744680851
    ],
    "total": [
        27,
        81,
        113,
        0.25,
        0.19285714285714287,
        0.217741935483871
    ]
}