{
    "Software System": [
        7,
        54,
        66,
        0.11475409836065574,
        0.0958904109589041,
        0.10447761194029849
    ],
    "Physical Device": [
        16,
        53,
        67,
        0.2318840579710145,
        0.1927710843373494,
        0.2105263157894737
    ],
    "Environment Object": [
        15,
        35,
        137,
        0.3,
        0.09868421052631579,
        0.1485148514851485
    ],
    "External System": [
        27,
        30,
        155,
        0.47368421052631576,
        0.14835164835164835,
        0.22594142259414227
    ],
    "System Requirements": [
        32,
        224,
        329,
        0.125,
        0.0886426592797784,
        0.10372771474878445
    ],
    "Shared Phenomena": [
        14,
        51,
        250,
        0.2153846153846154,
        0.05303030303030303,
        0.0851063829787234
    ],
    "total": [
        111,
        447,
        1004,
        0.1989247311827957,
        0.09955156950672646,
        0.13269575612671847
    ]
}