{
  "Software System": [
    0.20773088833870168,
    0.24329367442827834,
    0.2180753284857763
  ],
  "Physical Device": [
    0.3181887892032819,
    0.24406872223826312,
    0.238729399255715
  ],
  "Environment Object": [
    0.33873964180700344,
    0.16560891476001832,
    0.21223816721101943
  ],
  "External System": [
    0.21605832763727498,
    0.1171533145217356,
    0.14341021211046212
  ],
  "System Requirements": [
    0.03903922542204568,
    0.05029566206851525,
    0.04115754856335651
  ],
  "Shared Phenomena": [
    0.28350091153009666,
    0.07865969946140725,
    0.11774169466218738
  ],
  "total": [
    0.19794511896655842,
    0.13214207972142467,
    0.15430045295381348
  ]
}