{
    "Software System": [
        0.5802469135802469,
        0.47500000000000003,
        0.48148148148148145
    ],
    "Physical Device": [
        0.1818181818181818,
        0.07547169811320754,
        0.10909090909090909
    ],
    "Environment Object": [
        0.6007905138339921,
        0.35856573705179284,
        0.36363636363636365
    ],
    "External System": [
        0.423728813559322,
        0.25641025641025644,
        0.2966101694915254
    ],
    "System Requirements": [
        0.22745098039215686,
        0.07601572739187419,
        0.12549019607843137
    ],
    "Shared Phenomena": [
        0.4773413897280967,
        0.3333333333333333,
        0.3685800604229607
    ]
}