{
    "Software System": [
        0.5781990521327014,
        0.5380952380952381,
        0.5023696682464455
    ],
    "Physical Device": [
        0.5904059040590407,
        0.3643122676579926,
        0.3763837638376384
    ],
    "Environment Object": [
        0.6511627906976744,
        0.45669291338582685,
        0.4806201550387597
    ],
    "External System": [
        0.3503649635036496,
        0.16296296296296298,
        0.218978102189781
    ],
    "System Requirements": [
        0.2740676496097138,
        0.1529105125977411,
        0.13356461405030354
    ],
    "Shared Phenomena": [
        0.5903614457831325,
        0.3024193548387097,
        0.32530120481927716
    ]
}