{
    "Software System": [
        0.6626506024096385,
        0.5731707317073171,
        0.5542168674698795
    ],
    "Physical Device": [
        0.32558139534883723,
        0.1951219512195122,
        0.32558139534883723
    ],
    "Environment Object": [
        0.5247524752475247,
        0.22,
        0.3861386138613861
    ],
    "External System": [
        0.22580645161290322,
        0.13333333333333333,
        0.22580645161290322
    ],
    "System Requirements": [
        0.3677758318739054,
        0.19988310929281122,
        0.15178050204319907
    ],
    "Shared Phenomena": [
        0.3561290322580645,
        0.09314359637774902,
        0.17290322580645162
    ]
}