{
    "Software System": [
        0.6815642458100559,
        0.576271186440678,
        0.6256983240223464
    ],
    "Physical Device": [
        0.7079207920792079,
        0.48756218905472637,
        0.4900990099009901
    ],
    "Environment Object": [
        0.6020066889632107,
        0.36363636363636365,
        0.3879598662207358
    ],
    "External System": [
        0.5669291338582677,
        0.432,
        0.3937007874015748
    ],
    "System Requirements": [
        0.4188626907073509,
        0.1835883171070932,
        0.22468793342579751
    ],
    "Shared Phenomena": [
        0.4740259740259741,
        0.18954248366013074,
        0.22727272727272727
    ]
}