{
    "Software System": [
        0.7078651685393258,
        0.6136363636363636,
        0.651685393258427
    ],
    "Physical Device": [
        0.5490196078431373,
        0.4600000000000001,
        0.5098039215686274
    ],
    "Environment Object": [
        0.352112676056338,
        0.2142857142857143,
        0.3098591549295775
    ],
    "External System": [
        0.5068493150684932,
        0.2916666666666667,
        0.3972602739726028
    ],
    "System Requirements": [
        0.3167028199566161,
        0.23965141612200436,
        0.18655097613882865
    ],
    "Shared Phenomena": [
        0.5793103448275863,
        0.3680555555555555,
        0.4
    ]
}