{
    "Software System": [
        0.5876623376623378,
        0.3615635179153095,
        0.42207792207792205
    ],
    "Physical Device": [
        0.5714285714285714,
        0.32200886262924666,
        0.3446244477172312
    ],
    "Environment Object": [
        0.4279475982532751,
        0.22481751824817514,
        0.2561863173216885
    ],
    "External System": [
        0.3929024081115336,
        0.23888182973316394,
        0.2839036755386565
    ],
    "System Requirements": [
        0.7543830902834671,
        0.5031961973446976,
        0.31754874651810583
    ],
    "Shared Phenomena": [
        0.6137184115523467,
        0.2881662149954833,
        0.2851985559566787
    ]
}