{
  "Software System": [
    0.633031386689051,
    0.5229561729658178,
    0.5395882760927503
  ],
  "Physical Device": [
    0.48769574209616273,
    0.31741282811244753,
    0.35926390791070556
  ],
  "Environment Object": [
    0.5264621238420025,
    0.30633304110131215,
    0.36406674516808524
  ],
  "External System": [
    0.4110968476190282,
    0.2525425081843972,
    0.30270991003450726
  ],
  "System Requirements": [
    0.3932071771372017,
    0.2258742133093703,
    0.18993716137577765
  ],
  "Shared Phenomena": [
    0.5151477663625335,
    0.26244342312682695,
    0.29654262904634926
  ]
}