{
    "Software System": [
        10,
        12,
        18,
        0.45454545454545453,
        0.35714285714285715,
        0.4
    ],
    "Physical Device": [
        0,
        21,
        7,
        0.0,
        0.0,
        0
    ],
    "Environment Object": [
        12,
        33,
        44,
        0.26666666666666666,
        0.21428571428571427,
        0.23762376237623764
    ],
    "External System": [
        6,
        40,
        16,
        0.13043478260869565,
        0.2727272727272727,
        0.1764705882352941
    ],
    "System Requirements": [
        0,
        57,
        17,
        0.0,
        0.0,
        0
    ],
    "Shared Phenomena": [
        41,
        20,
        113,
        0.6721311475409836,
        0.2662337662337662,
        0.3813953488372092
    ],
    "total": [
        69,
        183,
        215,
        0.27380952380952384,
        0.24295774647887325,
        0.2574626865671642
    ]
}