{
    "Software System": [
        12,
        49,
        9,
        0.19672131147540983,
        0.5714285714285714,
        0.2926829268292683
    ],
    "Physical Device": [
        9,
        35,
        31,
        0.20454545454545456,
        0.225,
        0.2142857142857143
    ],
    "Environment Object": [
        12,
        13,
        19,
        0.48,
        0.3870967741935484,
        0.42857142857142855
    ],
    "External System": [
        2,
        16,
        19,
        0.1111111111111111,
        0.09523809523809523,
        0.10256410256410256
    ],
    "System Requirements": [
        1,
        92,
        32,
        0.010752688172043012,
        0.030303030303030304,
        0.015873015873015872
    ],
    "Shared Phenomena": [
        15,
        47,
        53,
        0.24193548387096775,
        0.22058823529411764,
        0.23076923076923075
    ],
    "total": [
        51,
        252,
        163,
        0.16831683168316833,
        0.2383177570093458,
        0.19729206963249518
    ]
}