{
    "Software System": [
        10,
        22,
        4,
        0.3125,
        0.7142857142857143,
        0.43478260869565216
    ],
    "Physical Device": [
        4,
        16,
        1,
        0.2,
        0.8,
        0.32000000000000006
    ],
    "Environment Object": [
        16,
        35,
        32,
        0.3137254901960784,
        0.3333333333333333,
        0.32323232323232326
    ],
    "External System": [
        2,
        5,
        17,
        0.2857142857142857,
        0.10526315789473684,
        0.15384615384615385
    ],
    "System Requirements": [
        5,
        101,
        67,
        0.04716981132075472,
        0.06944444444444445,
        0.056179775280898875
    ],
    "Shared Phenomena": [
        9,
        100,
        84,
        0.08256880733944955,
        0.0967741935483871,
        0.0891089108910891
    ],
    "total": [
        46,
        279,
        205,
        0.14153846153846153,
        0.18326693227091634,
        0.1597222222222222
    ]
}