{
    "Software System": [
        15,
        19,
        8,
        0.4411764705882353,
        0.6521739130434783,
        0.5263157894736842
    ],
    "Physical Device": [
        30,
        28,
        51,
        0.5172413793103449,
        0.37037037037037035,
        0.4316546762589928
    ],
    "Environment Object": [
        19,
        43,
        23,
        0.3064516129032258,
        0.4523809523809524,
        0.36538461538461536
    ],
    "External System": [
        5,
        10,
        16,
        0.3333333333333333,
        0.23809523809523808,
        0.2777777777777778
    ],
    "System Requirements": [
        2,
        53,
        33,
        0.03636363636363636,
        0.05714285714285714,
        0.044444444444444446
    ],
    "Shared Phenomena": [
        7,
        30,
        49,
        0.1891891891891892,
        0.125,
        0.15053763440860216
    ],
    "total": [
        78,
        183,
        180,
        0.2988505747126437,
        0.3023255813953488,
        0.30057803468208094
    ]
}