{
    "Software System": [
        11,
        18,
        7,
        0.3793103448275862,
        0.6111111111111112,
        0.46808510638297873
    ],
    "Physical Device": [
        8,
        5,
        9,
        0.6153846153846154,
        0.47058823529411764,
        0.5333333333333333
    ],
    "Environment Object": [
        3,
        11,
        28,
        0.21428571428571427,
        0.0967741935483871,
        0.13333333333333333
    ],
    "External System": [
        7,
        22,
        12,
        0.2413793103448276,
        0.3684210526315789,
        0.2916666666666667
    ],
    "System Requirements": [
        1,
        37,
        14,
        0.02631578947368421,
        0.06666666666666667,
        0.03773584905660377
    ],
    "Shared Phenomena": [
        6,
        21,
        34,
        0.2222222222222222,
        0.15,
        0.1791044776119403
    ],
    "total": [
        36,
        114,
        104,
        0.24,
        0.2571428571428571,
        0.2482758620689655
    ]
}