{
    "Software System": [
        16,
        64,
        57,
        0.2,
        0.2191780821917808,
        0.20915032679738563
    ],
    "Physical Device": [
        32,
        104,
        51,
        0.23529411764705882,
        0.3855421686746988,
        0.29223744292237447
    ],
    "Environment Object": [
        23,
        62,
        129,
        0.27058823529411763,
        0.1513157894736842,
        0.1940928270042194
    ],
    "External System": [
        27,
        29,
        155,
        0.48214285714285715,
        0.14835164835164835,
        0.22689075630252103
    ],
    "System Requirements": [
        54,
        274,
        307,
        0.16463414634146342,
        0.14958448753462603,
        0.1567489114658926
    ],
    "Shared Phenomena": [
        60,
        273,
        204,
        0.18018018018018017,
        0.22727272727272727,
        0.20100502512562815
    ],
    "total": [
        212,
        806,
        903,
        0.2082514734774067,
        0.19013452914798207,
        0.19878105954055322
    ]
}