{
  "Software System": [
    0.30594162537824626,
    0.5536354784121311,
    0.3862033516357938
  ],
  "Physical Device": [
    0.3544931133774948,
    0.4503001548678374,
    0.358302233360083
  ],
  "Environment Object": [
    0.3170102105358272,
    0.2841802085859811,
    0.28892290550518396
  ],
  "External System": [
    0.290736179529283,
    0.1910738384422595,
    0.21054909143144437
  ],
  "System Requirements": [
    0.057047214334316344,
    0.07462829721832491,
    0.062196399224171105
  ],
  "Shared Phenomena": [
    0.1832191765604018,
    0.16392703122304642,
    0.17010505576129809
  ],
  "total": [
    0.21139146828233607,
    0.23423753139329,
    0.2209298496292634
  ]
}