{
    "Software System": [
        10,
        7,
        18,
        0.5882352941176471,
        0.35714285714285715,
        0.4444444444444445
    ],
    "Physical Device": [
        2,
        15,
        5,
        0.11764705882352941,
        0.2857142857142857,
        0.16666666666666666
    ],
    "Environment Object": [
        14,
        27,
        42,
        0.34146341463414637,
        0.25,
        0.28865979381443296
    ],
    "External System": [
        7,
        32,
        15,
        0.1794871794871795,
        0.3181818181818182,
        0.2295081967213115
    ],
    "System Requirements": [
        0,
        68,
        17,
        0.0,
        0.0,
        0
    ],
    "Shared Phenomena": [
        48,
        28,
        106,
        0.631578947368421,
        0.3116883116883117,
        0.41739130434782606
    ],
    "total": [
        81,
        177,
        203,
        0.313953488372093,
        0.2852112676056338,
        0.2988929889298893
    ]
}