{
    "Software System": [
        10,
        8,
        18,
        0.5555555555555556,
        0.35714285714285715,
        0.43478260869565216
    ],
    "Physical Device": [
        1,
        6,
        6,
        0.14285714285714285,
        0.14285714285714285,
        0.14285714285714285
    ],
    "Environment Object": [
        24,
        36,
        32,
        0.4,
        0.42857142857142855,
        0.4137931034482759
    ],
    "External System": [
        4,
        38,
        18,
        0.09523809523809523,
        0.18181818181818182,
        0.125
    ],
    "System Requirements": [
        1,
        39,
        16,
        0.025,
        0.058823529411764705,
        0.03508771929824561
    ],
    "Shared Phenomena": [
        42,
        37,
        112,
        0.5316455696202531,
        0.2727272727272727,
        0.3605150214592274
    ],
    "total": [
        82,
        164,
        202,
        0.3333333333333333,
        0.2887323943661972,
        0.30943396226415093
    ]
}