{
    "Software System": [
        0.6329113924050633,
        0.5256410256410258,
        0.5822784810126582
    ],
    "Physical Device": [
        0.3225806451612903,
        0.06896551724137931,
        0.12903225806451615
    ],
    "Environment Object": [
        0.6416382252559726,
        0.3848797250859106,
        0.416382252559727
    ],
    "External System": [
        0.46486486486486484,
        0.25136612021857924,
        0.2810810810810811
    ],
    "System Requirements": [
        0.34205231388329976,
        0.15757575757575756,
        0.18108651911468812
    ],
    "Shared Phenomena": [
        0.3865546218487395,
        0.2900505902192243,
        0.3563025210084033
    ]
}