{
    "Software System": [
        12,
        16,
        16,
        0.42857142857142855,
        0.42857142857142855,
        0.42857142857142855
    ],
    "Physical Device": [
        0,
        12,
        7,
        0.0,
        0.0,
        0
    ],
    "Environment Object": [
        21,
        40,
        35,
        0.3442622950819672,
        0.375,
        0.35897435897435903
    ],
    "External System": [
        6,
        25,
        16,
        0.1935483870967742,
        0.2727272727272727,
        0.22641509433962262
    ],
    "System Requirements": [
        1,
        58,
        16,
        0.01694915254237288,
        0.058823529411764705,
        0.02631578947368421
    ],
    "Shared Phenomena": [
        21,
        13,
        133,
        0.6176470588235294,
        0.13636363636363635,
        0.22340425531914895
    ],
    "total": [
        61,
        164,
        223,
        0.27111111111111114,
        0.2147887323943662,
        0.23968565815324167
    ]
}