{
    "Software System": [
        12,
        47,
        9,
        0.2033898305084746,
        0.5714285714285714,
        0.30000000000000004
    ],
    "Physical Device": [
        15,
        58,
        25,
        0.2054794520547945,
        0.375,
        0.26548672566371684
    ],
    "Environment Object": [
        12,
        36,
        19,
        0.25,
        0.3870967741935484,
        0.3037974683544304
    ],
    "External System": [
        4,
        6,
        17,
        0.4,
        0.19047619047619047,
        0.25806451612903225
    ],
    "System Requirements": [
        6,
        101,
        27,
        0.056074766355140186,
        0.18181818181818182,
        0.08571428571428572
    ],
    "Shared Phenomena": [
        7,
        21,
        61,
        0.25,
        0.10294117647058823,
        0.14583333333333334
    ],
    "total": [
        56,
        269,
        158,
        0.1723076923076923,
        0.2616822429906542,
        0.20779220779220778
    ]
}