{
    "Software System": [
        10,
        21,
        4,
        0.3225806451612903,
        0.7142857142857143,
        0.4444444444444444
    ],
    "Physical Device": [
        2,
        11,
        3,
        0.15384615384615385,
        0.4,
        0.2222222222222222
    ],
    "Environment Object": [
        19,
        66,
        29,
        0.2235294117647059,
        0.3958333333333333,
        0.2857142857142857
    ],
    "External System": [
        2,
        10,
        17,
        0.16666666666666666,
        0.10526315789473684,
        0.12903225806451615
    ],
    "System Requirements": [
        8,
        124,
        64,
        0.06060606060606061,
        0.1111111111111111,
        0.0784313725490196
    ],
    "Shared Phenomena": [
        9,
        96,
        84,
        0.08571428571428572,
        0.0967741935483871,
        0.0909090909090909
    ],
    "total": [
        50,
        328,
        201,
        0.13227513227513227,
        0.199203187250996,
        0.15898251192368837
    ]
}