{
    "Software System": [
        18,
        25,
        5,
        0.4186046511627907,
        0.782608695652174,
        0.5454545454545454
    ],
    "Physical Device": [
        36,
        42,
        45,
        0.46153846153846156,
        0.4444444444444444,
        0.4528301886792453
    ],
    "Environment Object": [
        18,
        51,
        24,
        0.2608695652173913,
        0.42857142857142855,
        0.3243243243243243
    ],
    "External System": [
        4,
        10,
        17,
        0.2857142857142857,
        0.19047619047619047,
        0.22857142857142854
    ],
    "System Requirements": [
        4,
        71,
        31,
        0.05333333333333334,
        0.11428571428571428,
        0.07272727272727274
    ],
    "Shared Phenomena": [
        7,
        33,
        49,
        0.175,
        0.125,
        0.14583333333333334
    ],
    "total": [
        87,
        232,
        171,
        0.2727272727272727,
        0.3372093023255814,
        0.30155979202772965
    ]
}