{
    "Software System": [
        10,
        31,
        8,
        0.24390243902439024,
        0.5555555555555556,
        0.33898305084745767
    ],
    "Physical Device": [
        3,
        6,
        14,
        0.3333333333333333,
        0.17647058823529413,
        0.23076923076923078
    ],
    "Environment Object": [
        9,
        19,
        22,
        0.32142857142857145,
        0.2903225806451613,
        0.3050847457627119
    ],
    "External System": [
        2,
        8,
        17,
        0.2,
        0.10526315789473684,
        0.13793103448275862
    ],
    "System Requirements": [
        5,
        40,
        10,
        0.1111111111111111,
        0.3333333333333333,
        0.16666666666666666
    ],
    "Shared Phenomena": [
        7,
        16,
        33,
        0.30434782608695654,
        0.175,
        0.2222222222222222
    ],
    "total": [
        36,
        120,
        104,
        0.23076923076923078,
        0.2571428571428571,
        0.24324324324324323
    ]
}