{
    "Software System": [
        16,
        50,
        57,
        0.24242424242424243,
        0.2191780821917808,
        0.2302158273381295
    ],
    "Physical Device": [
        29,
        119,
        54,
        0.19594594594594594,
        0.3493975903614458,
        0.2510822510822511
    ],
    "Environment Object": [
        33,
        95,
        119,
        0.2578125,
        0.21710526315789475,
        0.2357142857142857
    ],
    "External System": [
        32,
        32,
        150,
        0.5,
        0.17582417582417584,
        0.2601626016260163
    ],
    "System Requirements": [
        46,
        430,
        315,
        0.09663865546218488,
        0.12742382271468145,
        0.10991636798088411
    ],
    "Shared Phenomena": [
        53,
        240,
        211,
        0.18088737201365188,
        0.20075757575757575,
        0.19030520646319568
    ],
    "total": [
        209,
        966,
        906,
        0.1778723404255319,
        0.18744394618834082,
        0.18253275109170305
    ]
}