{
  "Software System": [
    0.3099122061421028,
    0.5452713412808707,
    0.38127821610933427
  ],
  "Physical Device": [
    0.2250238911197815,
    0.29088543717353077,
    0.23706510306944437
  ],
  "Environment Object": [
    0.2763170572487726,
    0.3489882299835611,
    0.3022682448073995
  ],
  "External System": [
    0.29098822324628776,
    0.17333835754888385,
    0.20669615553556242
  ],
  "System Requirements": [
    0.06578551323503383,
    0.1544659487791311,
    0.08996195918530218
  ],
  "Shared Phenomena": [
    0.2689327571064039,
    0.13947276369003123,
    0.1697512402633874
  ],
  "total": [
    0.20951046326932854,
    0.2429117113821326,
    0.2222993607053023
  ]
}