{
    "Software System": [
        11,
        33,
        17,
        0.25,
        0.39285714285714285,
        0.3055555555555556
    ],
    "Physical Device": [
        0,
        6,
        7,
        0.0,
        0.0,
        0
    ],
    "Environment Object": [
        14,
        57,
        42,
        0.19718309859154928,
        0.25,
        0.2204724409448819
    ],
    "External System": [
        1,
        19,
        21,
        0.05,
        0.045454545454545456,
        0.04761904761904762
    ],
    "System Requirements": [
        1,
        55,
        16,
        0.017857142857142856,
        0.058823529411764705,
        0.0273972602739726
    ],
    "Shared Phenomena": [
        14,
        19,
        140,
        0.42424242424242425,
        0.09090909090909091,
        0.14973262032085563
    ],
    "total": [
        41,
        189,
        243,
        0.1782608695652174,
        0.1443661971830986,
        0.15953307392996108
    ]
}