{
    "Software System": [
        10,
        71,
        11,
        0.12345679012345678,
        0.47619047619047616,
        0.19607843137254902
    ],
    "Physical Device": [
        10,
        57,
        30,
        0.14925373134328357,
        0.25,
        0.18691588785046728
    ],
    "Environment Object": [
        7,
        45,
        24,
        0.1346153846153846,
        0.22580645161290322,
        0.1686746987951807
    ],
    "External System": [
        0,
        4,
        21,
        0.0,
        0.0,
        0
    ],
    "System Requirements": [
        4,
        79,
        29,
        0.04819277108433735,
        0.12121212121212122,
        0.06896551724137931
    ],
    "Shared Phenomena": [
        4,
        14,
        64,
        0.2222222222222222,
        0.058823529411764705,
        0.09302325581395347
    ],
    "total": [
        35,
        270,
        179,
        0.11475409836065574,
        0.16355140186915887,
        0.1348747591522158
    ]
}