{
    "Software System": [
        7,
        59,
        7,
        0.10606060606060606,
        0.5,
        0.175
    ],
    "Physical Device": [
        2,
        9,
        3,
        0.18181818181818182,
        0.4,
        0.25000000000000006
    ],
    "Environment Object": [
        12,
        80,
        36,
        0.13043478260869565,
        0.25,
        0.1714285714285714
    ],
    "External System": [
        0,
        11,
        19,
        0.0,
        0.0,
        0
    ],
    "System Requirements": [
        2,
        118,
        69,
        0.016666666666666666,
        0.028169014084507043,
        0.02094240837696335
    ],
    "Shared Phenomena": [
        3,
        32,
        90,
        0.08571428571428572,
        0.03225806451612903,
        0.046875
    ],
    "total": [
        26,
        309,
        224,
        0.07761194029850746,
        0.104,
        0.08888888888888888
    ]
}