{
    "Software System": [
        14,
        50,
        9,
        0.21875,
        0.6086956521739131,
        0.3218390804597701
    ],
    "Physical Device": [
        35,
        46,
        46,
        0.43209876543209874,
        0.43209876543209874,
        0.43209876543209874
    ],
    "Environment Object": [
        10,
        57,
        32,
        0.14925373134328357,
        0.23809523809523808,
        0.18348623853211007
    ],
    "External System": [
        2,
        2,
        19,
        0.5,
        0.09523809523809523,
        0.16
    ],
    "System Requirements": [
        1,
        62,
        34,
        0.015873015873015872,
        0.02857142857142857,
        0.020408163265306124
    ],
    "Shared Phenomena": [
        2,
        12,
        54,
        0.14285714285714285,
        0.03571428571428571,
        0.05714285714285715
    ],
    "total": [
        64,
        229,
        194,
        0.21843003412969283,
        0.24806201550387597,
        0.2323049001814882
    ]
}