{
    "Software System": [
        10,
        38,
        8,
        0.20833333333333334,
        0.5555555555555556,
        0.30303030303030304
    ],
    "Physical Device": [
        9,
        5,
        8,
        0.6428571428571429,
        0.5294117647058824,
        0.5806451612903226
    ],
    "Environment Object": [
        8,
        20,
        23,
        0.2857142857142857,
        0.25806451612903225,
        0.2711864406779661
    ],
    "External System": [
        1,
        19,
        18,
        0.05,
        0.05263157894736842,
        0.05128205128205128
    ],
    "System Requirements": [
        3,
        26,
        12,
        0.10344827586206896,
        0.2,
        0.13636363636363635
    ],
    "Shared Phenomena": [
        4,
        13,
        36,
        0.23529411764705882,
        0.1,
        0.14035087719298245
    ],
    "total": [
        35,
        121,
        105,
        0.22435897435897437,
        0.25,
        0.2364864864864865
    ]
}