{
    "Software System": [
        13,
        66,
        60,
        0.16455696202531644,
        0.1780821917808219,
        0.17105263157894735
    ],
    "Physical Device": [
        26,
        118,
        57,
        0.18055555555555555,
        0.3132530120481928,
        0.2290748898678414
    ],
    "Environment Object": [
        24,
        103,
        125,
        0.1889763779527559,
        0.1610738255033557,
        0.17391304347826086
    ],
    "External System": [
        18,
        43,
        162,
        0.29508196721311475,
        0.1,
        0.14937759336099588
    ],
    "System Requirements": [
        34,
        360,
        325,
        0.08629441624365482,
        0.0947075208913649,
        0.09030544488711818
    ],
    "Shared Phenomena": [
        26,
        119,
        238,
        0.1793103448275862,
        0.09848484848484848,
        0.12713936430317846
    ],
    "total": [
        141,
        809,
        967,
        0.14842105263157895,
        0.1272563176895307,
        0.1370262390670554
    ]
}