{
  "Software System": [
    0.17852628192378547,
    0.4518968364263183,
    0.2454260003328542
  ],
  "Physical Device": [
    0.2644305628343771,
    0.3207939236976956,
    0.27978911740678836
  ],
  "Environment Object": [
    0.18102961013765909,
    0.23050667189008822,
    0.1981935723094952
  ],
  "External System": [
    0.14918032786885246,
    0.048887369940001514,
    0.06804644871034914
  ],
  "System Requirements": [
    0.04805538143114776,
    0.08858060236186442,
    0.06073040506806265
  ],
  "Shared Phenomena": [
    0.21494008958512,
    0.06936496983935314,
    0.1023773291289712
  ],
  "total": [
    0.1603061615574378,
    0.17287265537427735,
    0.16485239128434934
  ]
}