{
    "Software System": [
        0.6358381502890172,
        0.5029239766081871,
        0.508670520231214
    ],
    "Physical Device": [
        0.24489795918367344,
        0.0851063829787234,
        0.16326530612244897
    ],
    "Environment Object": [
        0.5639344262295083,
        0.2838283828382838,
        0.24918032786885247
    ],
    "External System": [
        0.5177664974619289,
        0.34871794871794876,
        0.3147208121827411
    ],
    "System Requirements": [
        0.31578947368421056,
        0.12582781456953643,
        0.19736842105263155
    ],
    "Shared Phenomena": [
        0.31111111111111106,
        0.17495711835334476,
        0.21880341880341878
    ]
}