{
    "Software System": [
        0.7411167512690356,
        0.5846153846153846,
        0.49746192893401014
    ],
    "Physical Device": [
        0.1081081081081081,
        0.0,
        0.05405405405405405
    ],
    "Environment Object": [
        0.4579439252336449,
        0.2924528301886793,
        0.36448598130841126
    ],
    "External System": [
        0.5670103092783505,
        0.40625,
        0.35051546391752575
    ],
    "System Requirements": [
        0.26136363636363635,
        0.16400911161731208,
        0.13636363636363638
    ],
    "Shared Phenomena": [
        0.6286472148541115,
        0.4494680851063829,
        0.506631299734748
    ]
}