{
    "Software System": [
        0.6506024096385542,
        0.524390243902439,
        0.5903614457831325
    ],
    "Physical Device": [
        0.20689655172413793,
        0.07407407407407407,
        0.13793103448275862
    ],
    "Environment Object": [
        0.6643109540636042,
        0.4412811387900356,
        0.4734982332155477
    ],
    "External System": [
        0.46788990825688076,
        0.26851851851851855,
        0.30275229357798167
    ],
    "System Requirements": [
        0.3967280163599183,
        0.24229979466119098,
        0.22085889570552147
    ],
    "Shared Phenomena": [
        0.5155555555555555,
        0.3417533432392273,
        0.4177777777777778
    ]
}